From,To,Date,Subject
Sven.Flecha@gastech.com.kronos,"Isak.Baza@gastech.com.kronos, Lucas.Alcazar@gastech.com.kronos",1/6/2014 8:39,GT-SeismicProcessorPro Bug Report
Kanon.Herrero@gastech.com.kronos,"Felix.Resumir@gastech.com.kronos, Hideki.Cocinaro@gastech.com.kronos, Inga.Ferro@gastech.com.kronos, Varja.Lagos@gastech.com.kronos, Kanon.Herrero@gastech.com.kronos, Stenig.Fusil@gastech.com.kronos, Hennie.Osvaldo@gastech.com.kronos, Isia.Vann@gastech.com.kronos, Edvard.Vann@gastech.com.kronos, Loreto.Bodrogi@gastech.com.kronos",1/6/2014 8:58,Inspection request for site
Bertrand.Ovan@gastech.com.kronos,"Emile.Arpa@gastech.com.kronos, Varro.Awelon@gastech.com.kronos, Dante.Coginian@gastech.com.kronos, Albina.Hafon@gastech.com.kronos, Benito.Hawelon@gastech.com.kronos, Claudio.Hawelon@gastech.com.kronos, Henk.Mies@gastech.com.kronos, Valeria.Morlun@gastech.com.kronos, Adan.Morlun@gastech.com.kronos, Cecilia.Morluniau@gastech.com.kronos, Irene.Nant@gastech.com.kronos, Dylan.Scozzese@gastech.com.kronos",1/6/2014 9:28,New refueling policies - Effective February 1
Valeria.Morlun@gastech.com.kronos,"Dante.Coginian@gastech.com.kronos, Albina.Hafon@gastech.com.kronos, Benito.Hawelon@gastech.com.kronos, Henk.Mies@gastech.com.kronos",1/6/2014 9:38,Route suggestion for next shift
Mat.Bramar@gastech.com.kronos,"Rachel.Pantanal@gastech.com.kronos, Lars.Azada@gastech.com.kronos, Felix.Balas@gastech.com.kronos, Isande.Borrasca@gastech.com.kronos, Axel.Calzas@gastech.com.kronos, Gustav.Cazar@gastech.com.kronos, Lidelse.Dedos@gastech.com.kronos, Birgitta.Frente@gastech.com.kronos, Vira.Frente@gastech.com.kronos, Adra.Nubarron@gastech.com.kronos, Marin.Onda@gastech.com.kronos, Kare.Orilla@gastech.com.kronos, Elsa.Orilla@gastech.com.kronos, Brand.Tempestad@gastech.com.kronos, Ingrid.Barranco@gastech.com.kronos, Ada.Campo-Corrente@gastech.com.kronos, Sten.Sanjorge Jr.@gastech.com.kronos, Orhan.Strum@gastech.com.kronos, Willem.Vasco-Pais@gastech.com.kronos, Bertrand.Ovan@gastech.com.kronos, Albina.Hafon@gastech.com.kronos, Benito.Hawelon@gastech.com.kronos, Claudio.Hawelon@gastech.com.kronos, Henk.Mies@gastech.com.kronos, Valeria.Morlun@gastech.com.kronos, Adan.Morlun@gastech.com.kronos, Cecilia.Morluniau@gastech.com.kronos, Irene.Nant@gastech.com.kronos, Dylan.Scozzese@gastech.com.kronos, Lucas.Alcazar@gastech.com.kronos, Isak.Baza@gastech.com.kronos, Linnea.Bergen@gastech.com.kronos, Nils.Calixto@gastech.com.kronos, Sven.Flecha@gastech.com.kronos, Hideki.Cocinaro@gastech.com.kronos, Inga.Ferro@gastech.com.kronos, Loreto.Bodrogi@gastech.com.kronos, Isia.Vann@gastech.com.kronos, Stenig.Fusil@gastech.com.kronos, Hennie.Osvaldo@gastech.com.kronos, Kanon.Herrero@gastech.com.kronos, Varja.Lagos@gastech.com.kronos, Minke.Mies@gastech.com.kronos, Felix.Resumir@gastech.com.kronos, Edvard.Vann@gastech.com.kronos, Emile.Arpa@gastech.com.kronos, Varro.Awelon@gastech.com.kronos, Mat.Bramar@gastech.com.kronos, Dante.Coginian@gastech.com.kronos, Carla.Forluniau@gastech.com.kronos, Linda.Lagos@gastech.com.kronos, Cornelia.Lais@gastech.com.kronos, Ruscella.Mies.Haber@gastech.com.kronos, Anda.Ribera@gastech.com.kronos",1/6/2014 9:49,Upcoming birthdays
Bertrand.Ovan@gastech.com.kronos,"Emile.Arpa@gastech.com.kronos, Varro.Awelon@gastech.com.kronos, Dante.Coginian@gastech.com.kronos, Albina.Hafon@gastech.com.kronos, Benito.Hawelon@gastech.com.kronos, Claudio.Hawelon@gastech.com.kronos, Henk.Mies@gastech.com.kronos, Valeria.Morlun@gastech.com.kronos, Adan.Morlun@gastech.com.kronos, Cecilia.Morluniau@gastech.com.kronos, Irene.Nant@gastech.com.kronos, Dylan.Scozzese@gastech.com.kronos",1/6/2014 10:01,Don't text and drive!
Orhan.Strum@gastech.com.kronos,Stenig.Fusil@gastech.com.kronos,1/6/2014 10:25,Service anniversary
Varja.Lagos@gastech.com.kronos,"Varja.Lagos@gastech.com.kronos, Hennie.Osvaldo@gastech.com.kronos, Loreto.Bodrogi@gastech.com.kronos, Inga.Ferro@gastech.com.kronos",1/6/2014 10:28,Patrol schedule changes
Brand.Tempestad@gastech.com.kronos,"Birgitta.Frente@gastech.com.kronos, Lars.Azada@gastech.com.kronos, Felix.Balas@gastech.com.kronos",1/6/2014 10:35,Wellhead flow rate data
Isak.Baza@gastech.com.kronos,"Isak.Baza@gastech.com.kronos, Lucas.Alcazar@gastech.com.kronos",1/6/2014 10:43,RE: GT-SeismicProcessorPro Bug Report
Lucas.Alcazar@gastech.com.kronos,"Isak.Baza@gastech.com.kronos, Lucas.Alcazar@gastech.com.kronos",1/6/2014 10:50,RE: GT-SeismicProcessorPro Bug Report
Linnea.Bergen@gastech.com.kronos,"Rachel.Pantanal@gastech.com.kronos, Lars.Azada@gastech.com.kronos, Felix.Balas@gastech.com.kronos, Isande.Borrasca@gastech.com.kronos, Axel.Calzas@gastech.com.kronos, Gustav.Cazar@gastech.com.kronos, Lidelse.Dedos@gastech.com.kronos, Birgitta.Frente@gastech.com.kronos, Vira.Frente@gastech.com.kronos, Adra.Nubarron@gastech.com.kronos, Marin.Onda@gastech.com.kronos, Kare.Orilla@gastech.com.kronos, Elsa.Orilla@gastech.com.kronos, Brand.Tempestad@gastech.com.kronos, Ingrid.Barranco@gastech.com.kronos, Ada.Campo-Corrente@gastech.com.kronos, Sten.Sanjorge Jr.@gastech.com.kronos, Orhan.Strum@gastech.com.kronos, Willem.Vasco-Pais@gastech.com.kronos, Bertrand.Ovan@gastech.com.kronos, Albina.Hafon@gastech.com.kronos, Benito.Hawelon@gastech.com.kronos, Claudio.Hawelon@gastech.com.kronos, Henk.Mies@gastech.com.kronos, Valeria.Morlun@gastech.com.kronos, Adan.Morlun@gastech.com.kronos, Cecilia.Morluniau@gastech.com.kronos, Irene.Nant@gastech.com.kronos, Dylan.Scozzese@gastech.com.kronos, Lucas.Alcazar@gastech.com.kronos, Isak.Baza@gastech.com.kronos, Linnea.Bergen@gastech.com.kronos, Nils.Calixto@gastech.com.kronos, Sven.Flecha@gastech.com.kronos, Hideki.Cocinaro@gastech.com.kronos, Inga.Ferro@gastech.com.kronos, Loreto.Bodrogi@gastech.com.kronos, Isia.Vann@gastech.com.kronos, Stenig.Fusil@gastech.com.kronos, Hennie.Osvaldo@gastech.com.kronos, Kanon.Herrero@gastech.com.kronos, Varja.Lagos@gastech.com.kronos, Minke.Mies@gastech.com.kronos, Felix.Resumir@gastech.com.kronos, Edvard.Vann@gastech.com.kronos, Emile.Arpa@gastech.com.kronos, Varro.Awelon@gastech.com.kronos, Mat.Bramar@gastech.com.kronos, Dante.Coginian@gastech.com.kronos, Carla.Forluniau@gastech.com.kronos, Linda.Lagos@gastech.com.kronos, Cornelia.Lais@gastech.com.kronos, Ruscella.Mies.Haber@gastech.com.kronos, Anda.Ribera@gastech.com.kronos",1/6/2014 11:00,RE: Upcoming birthdays
Loreto.Bodrogi@gastech.com.kronos,Ingrid.Barranco@gastech.com.kronos,1/6/2014 11:04,Plants
Linnea.Bergen@gastech.com.kronos,"Rachel.Pantanal@gastech.com.kronos, Lars.Azada@gastech.com.kronos, Felix.Balas@gastech.com.kronos, Isande.Borrasca@gastech.com.kronos, Axel.Calzas@gastech.com.kronos, Gustav.Cazar@gastech.com.kronos, Lidelse.Dedos@gastech.com.kronos, Birgitta.Frente@gastech.com.kronos, Vira.Frente@gastech.com.kronos, Adra.Nubarron@gastech.com.kronos, Marin.Onda@gastech.com.kronos, Kare.Orilla@gastech.com.kronos, Elsa.Orilla@gastech.com.kronos, Brand.Tempestad@gastech.com.kronos, Ingrid.Barranco@gastech.com.kronos, Ada.Campo-Corrente@gastech.com.kronos, Sten.Sanjorge Jr.@gastech.com.kronos, Orhan.Strum@gastech.com.kronos, Willem.Vasco-Pais@gastech.com.kronos, Bertrand.Ovan@gastech.com.kronos, Albina.Hafon@gastech.com.kronos, Benito.Hawelon@gastech.com.kronos, Claudio.Hawelon@gastech.com.kronos, Henk.Mies@gastech.com.kronos, Valeria.Morlun@gastech.com.kronos, Adan.Morlun@gastech.com.kronos, Cecilia.Morluniau@gastech.com.kronos, Irene.Nant@gastech.com.kronos, Dylan.Scozzese@gastech.com.kronos, Lucas.Alcazar@gastech.com.kronos, Isak.Baza@gastech.com.kronos, Linnea.Bergen@gastech.com.kronos, Nils.Calixto@gastech.com.kronos, Sven.Flecha@gastech.com.kronos, Hideki.Cocinaro@gastech.com.kronos, Inga.Ferro@gastech.com.kronos, Loreto.Bodrogi@gastech.com.kronos, Isia.Vann@gastech.com.kronos, Stenig.Fusil@gastech.com.kronos, Hennie.Osvaldo@gastech.com.kronos, Kanon.Herrero@gastech.com.kronos, Varja.Lagos@gastech.com.kronos, Minke.Mies@gastech.com.kronos, Felix.Resumir@gastech.com.kronos, Edvard.Vann@gastech.com.kronos, Emile.Arpa@gastech.com.kronos, Varro.Awelon@gastech.com.kronos, Mat.Bramar@gastech.com.kronos, Dante.Coginian@gastech.com.kronos, Carla.Forluniau@gastech.com.kronos, Linda.Lagos@gastech.com.kronos, Cornelia.Lais@gastech.com.kronos, Ruscella.Mies.Haber@gastech.com.kronos, Anda.Ribera@gastech.com.kronos",1/6/2014 11:16,RE: Upcoming birthdays
Lucas.Alcazar@gastech.com.kronos,"Nils.Calixto@gastech.com.kronos, Sven.Flecha@gastech.com.kronos",1/6/2014 11:23,GT-SeismicProcessorPro Bug Report
Isak.Baza@gastech.com.kronos,"Isak.Baza@gastech.com.kronos, Lucas.Alcazar@gastech.com.kronos",1/6/2014 11:34,RE: GT-SeismicProcessorPro Bug Report
Lucas.Alcazar@gastech.com.kronos,"Isak.Baza@gastech.com.kronos, Lucas.Alcazar@gastech.com.kronos",1/6/2014 11:40,RE: GT-SeismicProcessorPro Bug Report
Sten.Sanjorge Jr.@gastech.com.tethys,"Orhan.Strum@gastech.com.kronos, Willem.Vasco-Pais@gastech.com.kronos",1/6/2014 11:53,IPO
Mat.Bramar@gastech.com.kronos,"Mat.Bramar@gastech.com.kronos, Anda.Ribera@gastech.com.kronos, Rachel.Pantanal@gastech.com.kronos, Linda.Lagos@gastech.com.kronos, Ruscella.Mies.Haber@gastech.com.kronos, Carla.Forluniau@gastech.com.kronos, Cornelia.Lais@gastech.com.kronos",1/6/2014 12:05,Craft night
Lucas.Alcazar@gastech.com.kronos,"Isak.Baza@gastech.com.kronos, Lucas.Alcazar@gastech.com.kronos",1/6/2014 12:05,RE: GT-SeismicProcessorPro Bug Report
Ingrid.Barranco@gastech.com.kronos,Loreto.Bodrogi@gastech.com.kronos,1/6/2014 12:15,RE: Plants
Axel.Calzas@gastech.com.kronos,"Felix.Balas@gastech.com.kronos, Lars.Azada@gastech.com.kronos, Elsa.Orilla@gastech.com.kronos, Birgitta.Frente@gastech.com.kronos, Kare.Orilla@gastech.com.kronos, Isande.Borrasca@gastech.com.kronos, Gustav.Cazar@gastech.com.kronos, Axel.Calzas@gastech.com.kronos, Vira.Frente@gastech.com.kronos",1/6/2014 12:15,Wellhead flow rate data
Lars.Azada@gastech.com.kronos,"Birgitta.Frente@gastech.com.kronos, Lars.Azada@gastech.com.kronos, Felix.Balas@gastech.com.kronos",1/6/2014 12:21,RE: Wellhead flow rate data
Stenig.Fusil@gastech.com.kronos,Orhan.Strum@gastech.com.kronos,1/6/2014 12:28,RE: Service anniversary
Orhan.Strum@gastech.com.kronos,Stenig.Fusil@gastech.com.kronos,1/6/2014 12:28,RE: Service anniversary
Albina.Hafon@gastech.com.kronos,"Dante.Coginian@gastech.com.kronos, Irene.Nant@gastech.com.kronos, Dylan.Scozzese@gastech.com.kronos, Benito.Hawelon@gastech.com.kronos, Valeria.Morlun@gastech.com.kronos, Adan.Morlun@gastech.com.kronos, Emile.Arpa@gastech.com.kronos",1/6/2014 12:30,RE: New refueling policies - Effective February 1
Nils.Calixto@gastech.com.kronos,"Nils.Calixto@gastech.com.kronos, Sven.Flecha@gastech.com.kronos",1/6/2014 12:34,RE: GT-SeismicProcessorPro Bug Report
Felix.Balas@gastech.com.kronos,"Birgitta.Frente@gastech.com.kronos, Lars.Azada@gastech.com.kronos, Felix.Balas@gastech.com.kronos",1/6/2014 12:36,RE: Wellhead flow rate data
Felix.Balas@gastech.com.kronos,"Birgitta.Frente@gastech.com.kronos, Lars.Azada@gastech.com.kronos, Felix.Balas@gastech.com.kronos",1/6/2014 12:37,RE: Wellhead flow rate data
Lars.Azada@gastech.com.kronos,"Birgitta.Frente@gastech.com.kronos, Lars.Azada@gastech.com.kronos, Felix.Balas@gastech.com.kronos",1/6/2014 12:39,RE: Wellhead flow rate data
Loreto.Bodrogi@gastech.com.kronos,"Varja.Lagos@gastech.com.kronos, Hennie.Osvaldo@gastech.com.kronos, Loreto.Bodrogi@gastech.com.kronos, Inga.Ferro@gastech.com.kronos",1/6/2014 12:44,RE: Patrol schedule changes
Loreto.Bodrogi@gastech.com.kronos,Ingrid.Barranco@gastech.com.kronos,1/6/2014 12:48,RE: Plants
Willem.Vasco-Pais@gastech.com.kronos,"Orhan.Strum@gastech.com.kronos, Willem.Vasco-Pais@gastech.com.kronos",1/6/2014 12:56,RE: IPO
Anda.Ribera@gastech.com.kronos,Valeria.Morlun@gastech.com.kronos,1/6/2014 13:01,Favor - borrow hedge trimmer
Orhan.Strum@gastech.com.kronos,"Orhan.Strum@gastech.com.kronos, Willem.Vasco-Pais@gastech.com.kronos",1/6/2014 13:05,RE: IPO
Benito.Hawelon@gastech.com.kronos,"Adan.Morlun@gastech.com.kronos, Claudio.Hawelon@gastech.com.kronos, Valeria.Morlun@gastech.com.kronos, Varro.Awelon@gastech.com.kronos, Albina.Hafon@gastech.com.kronos, Emile.Arpa@gastech.com.kronos, Irene.Nant@gastech.com.kronos, Benito.Hawelon@gastech.com.kronos, Dante.Coginian@gastech.com.kronos",1/6/2014 13:07,RE: New refueling policies - Effective February 1
Felix.Resumir@gastech.com.kronos,"Felix.Resumir@gastech.com.kronos, Hideki.Cocinaro@gastech.com.kronos, Inga.Ferro@gastech.com.kronos, Varja.Lagos@gastech.com.kronos, Kanon.Herrero@gastech.com.kronos, Stenig.Fusil@gastech.com.kronos, Hennie.Osvaldo@gastech.com.kronos, Isia.Vann@gastech.com.kronos, Edvard.Vann@gastech.com.kronos, Loreto.Bodrogi@gastech.com.kronos",1/6/2014 13:08,RE: Inspection request for site
Bertrand.Ovan@gastech.com.kronos,"Emile.Arpa@gastech.com.kronos, Varro.Awelon@gastech.com.kronos, Dante.Coginian@gastech.com.kronos, Albina.Hafon@gastech.com.kronos, Benito.Hawelon@gastech.com.kronos, Claudio.Hawelon@gastech.com.kronos, Henk.Mies@gastech.com.kronos, Valeria.Morlun@gastech.com.kronos, Adan.Morlun@gastech.com.kronos, Cecilia.Morluniau@gastech.com.kronos, Irene.Nant@gastech.com.kronos, Dylan.Scozzese@gastech.com.kronos",1/6/2014 13:14,Facilities preparations for VIP visit
Felix.Balas@gastech.com.kronos,"Birgitta.Frente@gastech.com.kronos, Lars.Azada@gastech.com.kronos, Felix.Balas@gastech.com.kronos",1/6/2014 13:16,RE: Wellhead flow rate data
Ingrid.Barranco@gastech.com.kronos,Loreto.Bodrogi@gastech.com.kronos,1/6/2014 13:21,RE: Plants
Birgitta.Frente@gastech.com.kronos,"Birgitta.Frente@gastech.com.kronos, Lars.Azada@gastech.com.kronos, Felix.Balas@gastech.com.kronos",1/6/2014 13:23,RE: Wellhead flow rate data
Carla.Forluniau@gastech.com.kronos,"Mat.Bramar@gastech.com.kronos, Anda.Ribera@gastech.com.kronos, Rachel.Pantanal@gastech.com.kronos, Linda.Lagos@gastech.com.kronos, Ruscella.Mies.Haber@gastech.com.kronos, Carla.Forluniau@gastech.com.kronos, Cornelia.Lais@gastech.com.kronos",1/6/2014 13:24,Question - Protocol for VIP visit
Loreto.Bodrogi@gastech.com.kronos,Ingrid.Barranco@gastech.com.kronos,1/6/2014 13:26,RE: Plants
Anda.Ribera@gastech.com.kronos,"Mat.Bramar@gastech.com.kronos, Anda.Ribera@gastech.com.kronos, Rachel.Pantanal@gastech.com.kronos, Linda.Lagos@gastech.com.kronos, Ruscella.Mies.Haber@gastech.com.kronos, Carla.Forluniau@gastech.com.kronos, Cornelia.Lais@gastech.com.kronos",1/6/2014 13:29,RE: Craft night
Claudio.Hawelon@gastech.com.kronos,"Irene.Nant@gastech.com.kronos, Cecilia.Morluniau@gastech.com.kronos, Dylan.Scozzese@gastech.com.kronos",1/6/2014 13:35,Route suggestion for next shift
Hennie.Osvaldo@gastech.com.kronos,Kanon.Herrero@gastech.com.kronos,1/6/2014 13:42,Concert tickets
Cornelia.Lais@gastech.com.kronos,"Mat.Bramar@gastech.com.kronos, Anda.Ribera@gastech.com.kronos, Rachel.Pantanal@gastech.com.kronos, Linda.Lagos@gastech.com.kronos, Ruscella.Mies.Haber@gastech.com.kronos, Carla.Forluniau@gastech.com.kronos, Cornelia.Lais@gastech.com.kronos",1/6/2014 13:48,RE: Craft night
Valeria.Morlun@gastech.com.kronos,Anda.Ribera@gastech.com.kronos,1/6/2014 13:49,RE: Favor - borrow hedge trimmer
Cecilia.Morluniau@gastech.com.kronos,Ingrid.Barranco@gastech.com.kronos,1/6/2014 13:54,Supplies
Anda.Ribera@gastech.com.kronos,Valeria.Morlun@gastech.com.kronos,1/6/2014 13:59,RE: Favor - borrow hedge trimmer
Adan.Morlun@gastech.com.kronos,"Claudio.Hawelon@gastech.com.kronos, Benito.Hawelon@gastech.com.kronos, Henk.Mies@gastech.com.kronos, Dylan.Scozzese@gastech.com.kronos, Valeria.Morlun@gastech.com.kronos, Irene.Nant@gastech.com.kronos, Dante.Coginian@gastech.com.kronos, Emile.Arpa@gastech.com.kronos, Adan.Morlun@gastech.com.kronos, Varro.Awelon@gastech.com.kronos",1/6/2014 13:59,RE: New refueling policies - Effective February 1
Varro.Awelon@gastech.com.kronos,"Benito.Hawelon@gastech.com.kronos, Cecilia.Morluniau@gastech.com.kronos, Varro.Awelon@gastech.com.kronos, Albina.Hafon@gastech.com.kronos, Dante.Coginian@gastech.com.kronos, Claudio.Hawelon@gastech.com.kronos",1/6/2014 14:01,RE: Don't text and drive!
Dante.Coginian@gastech.com.kronos,Lucas.Alcazar@gastech.com.kronos,1/6/2014 14:05,Congratulations on your service anniversary
Nils.Calixto@gastech.com.kronos,"Nils.Calixto@gastech.com.kronos, Sven.Flecha@gastech.com.kronos",1/6/2014 14:16,RE: GT-SeismicProcessorPro Bug Report
Willem.Vasco-Pais@gastech.com.kronos,"Orhan.Strum@gastech.com.kronos, Willem.Vasco-Pais@gastech.com.kronos",1/6/2014 14:19,RE: IPO
Benito.Hawelon@gastech.com.kronos,"Claudio.Hawelon@gastech.com.kronos, Dante.Coginian@gastech.com.kronos, Valeria.Morlun@gastech.com.kronos, Albina.Hafon@gastech.com.kronos, Emile.Arpa@gastech.com.kronos, Cecilia.Morluniau@gastech.com.kronos, Adan.Morlun@gastech.com.kronos, Benito.Hawelon@gastech.com.kronos, Varro.Awelon@gastech.com.kronos",1/6/2014 14:19,RE: New refueling policies - Effective February 1
Axel.Calzas@gastech.com.kronos,Lars.Azada@gastech.com.kronos,1/6/2014 14:22,Meeting
Dante.Coginian@gastech.com.kronos,"Valeria.Morlun@gastech.com.kronos, Albina.Hafon@gastech.com.kronos, Varro.Awelon@gastech.com.kronos, Benito.Hawelon@gastech.com.kronos, Dante.Coginian@gastech.com.kronos",1/6/2014 14:23,RE: New refueling policies - Effective February 1
Benito.Hawelon@gastech.com.kronos,"Dante.Coginian@gastech.com.kronos, Albina.Hafon@gastech.com.kronos, Benito.Hawelon@gastech.com.kronos, Henk.Mies@gastech.com.kronos",1/6/2014 14:26,RE: Route suggestion for next shift
Nils.Calixto@gastech.com.kronos,"Nils.Calixto@gastech.com.kronos, Sven.Flecha@gastech.com.kronos",1/6/2014 14:28,RE: GT-SeismicProcessorPro Bug Report
Axel.Calzas@gastech.com.kronos,"Felix.Balas@gastech.com.kronos, Lars.Azada@gastech.com.kronos, Elsa.Orilla@gastech.com.kronos, Birgitta.Frente@gastech.com.kronos, Kare.Orilla@gastech.com.kronos, Isande.Borrasca@gastech.com.kronos, Gustav.Cazar@gastech.com.kronos, Axel.Calzas@gastech.com.kronos, Vira.Frente@gastech.com.kronos",1/6/2014 14:30,RE: Wellhead flow rate data
Albina.Hafon@gastech.com.kronos,"Dante.Coginian@gastech.com.kronos, Albina.Hafon@gastech.com.kronos, Benito.Hawelon@gastech.com.kronos, Henk.Mies@gastech.com.kronos",1/6/2014 14:33,RE: Route suggestion for next shift
Anda.Ribera@gastech.com.kronos,"Mat.Bramar@gastech.com.kronos, Anda.Ribera@gastech.com.kronos, Rachel.Pantanal@gastech.com.kronos, Linda.Lagos@gastech.com.kronos, Ruscella.Mies.Haber@gastech.com.kronos, Carla.Forluniau@gastech.com.kronos, Cornelia.Lais@gastech.com.kronos",1/6/2014 14:38,RE: Craft night
Vira.Frente@gastech.com.kronos,"Isande.Borrasca@gastech.com.kronos, Elsa.Orilla@gastech.com.kronos, Felix.Balas@gastech.com.kronos, Brand.Tempestad@gastech.com.kronos, Kare.Orilla@gastech.com.kronos, Adra.Nubarron@gastech.com.kronos, Lars.Azada@gastech.com.kronos, Marin.Onda@gastech.com.kronos, Gustav.Cazar@gastech.com.kronos",1/6/2014 14:43,Wellhead flow rate data
Ruscella.Mies.Haber@gastech.com.kronos,"Mat.Bramar@gastech.com.kronos, Anda.Ribera@gastech.com.kronos, Rachel.Pantanal@gastech.com.kronos, Linda.Lagos@gastech.com.kronos, Ruscella.Mies.Haber@gastech.com.kronos, Carla.Forluniau@gastech.com.kronos, Cornelia.Lais@gastech.com.kronos",1/6/2014 14:53,RE: Craft night
Willem.Vasco-Pais@gastech.com.kronos,"Orhan.Strum@gastech.com.kronos, Willem.Vasco-Pais@gastech.com.kronos",1/6/2014 14:57,RE: IPO
Kanon.Herrero@gastech.com.kronos,Hennie.Osvaldo@gastech.com.kronos,1/6/2014 15:04,RE: Concert tickets
Kanon.Herrero@gastech.com.kronos,Nils.Calixto@gastech.com.kronos,1/6/2014 15:05,Late for meeting
Sven.Flecha@gastech.com.kronos,"Nils.Calixto@gastech.com.kronos, Sven.Flecha@gastech.com.kronos",1/6/2014 15:11,RE: GT-SeismicProcessorPro Bug Report
Claudio.Hawelon@gastech.com.kronos,Rachel.Pantanal@gastech.com.kronos,1/6/2014 15:14,Are you buying coffee?
Ingrid.Barranco@gastech.com.kronos,Cecilia.Morluniau@gastech.com.kronos,1/6/2014 15:17,RE: Supplies
Cecilia.Morluniau@gastech.com.kronos,Ingrid.Barranco@gastech.com.kronos,1/6/2014 15:27,RE: Supplies
Ruscella.Mies.Haber@gastech.com.kronos,"Mat.Bramar@gastech.com.kronos, Anda.Ribera@gastech.com.kronos, Rachel.Pantanal@gastech.com.kronos, Linda.Lagos@gastech.com.kronos, Ruscella.Mies.Haber@gastech.com.kronos, Carla.Forluniau@gastech.com.kronos, Cornelia.Lais@gastech.com.kronos",1/6/2014 15:30,RE: Craft night
Mat.Bramar@gastech.com.kronos,"Rachel.Pantanal@gastech.com.kronos, Lars.Azada@gastech.com.kronos, Felix.Balas@gastech.com.kronos, Isande.Borrasca@gastech.com.kronos, Axel.Calzas@gastech.com.kronos, Gustav.Cazar@gastech.com.kronos, Lidelse.Dedos@gastech.com.kronos, Birgitta.Frente@gastech.com.kronos, Vira.Frente@gastech.com.kronos, Adra.Nubarron@gastech.com.kronos, Marin.Onda@gastech.com.kronos, Kare.Orilla@gastech.com.kronos, Elsa.Orilla@gastech.com.kronos, Brand.Tempestad@gastech.com.kronos, Ingrid.Barranco@gastech.com.kronos, Ada.Campo-Corrente@gastech.com.kronos, Sten.Sanjorge Jr.@gastech.com.kronos, Orhan.Strum@gastech.com.kronos, Willem.Vasco-Pais@gastech.com.kronos, Bertrand.Ovan@gastech.com.kronos, Albina.Hafon@gastech.com.kronos, Benito.Hawelon@gastech.com.kronos, Claudio.Hawelon@gastech.com.kronos, Henk.Mies@gastech.com.kronos, Valeria.Morlun@gastech.com.kronos, Adan.Morlun@gastech.com.kronos, Cecilia.Morluniau@gastech.com.kronos, Irene.Nant@gastech.com.kronos, Dylan.Scozzese@gastech.com.kronos, Lucas.Alcazar@gastech.com.kronos, Isak.Baza@gastech.com.kronos, Linnea.Bergen@gastech.com.kronos, Nils.Calixto@gastech.com.kronos, Sven.Flecha@gastech.com.kronos, Hideki.Cocinaro@gastech.com.kronos, Inga.Ferro@gastech.com.kronos, Loreto.Bodrogi@gastech.com.kronos, Isia.Vann@gastech.com.kronos, Stenig.Fusil@gastech.com.kronos, Hennie.Osvaldo@gastech.com.kronos, Kanon.Herrero@gastech.com.kronos, Varja.Lagos@gastech.com.kronos, Minke.Mies@gastech.com.kronos, Felix.Resumir@gastech.com.kronos, Edvard.Vann@gastech.com.kronos, Emile.Arpa@gastech.com.kronos, Varro.Awelon@gastech.com.kronos, Mat.Bramar@gastech.com.kronos, Dante.Coginian@gastech.com.kronos, Carla.Forluniau@gastech.com.kronos, Linda.Lagos@gastech.com.kronos, Cornelia.Lais@gastech.com.kronos, Ruscella.Mies.Haber@gastech.com.kronos, Anda.Ribera@gastech.com.kronos",1/6/2014 15:42,All staff announcement
Ruscella.Mies.Haber@gastech.com.kronos,"Rachel.Pantanal@gastech.com.kronos, Lars.Azada@gastech.com.kronos, Felix.Balas@gastech.com.kronos, Isande.Borrasca@gastech.com.kronos, Axel.Calzas@gastech.com.kronos, Gustav.Cazar@gastech.com.kronos, Lidelse.Dedos@gastech.com.kronos, Birgitta.Frente@gastech.com.kronos, Vira.Frente@gastech.com.kronos, Adra.Nubarron@gastech.com.kronos, Marin.Onda@gastech.com.kronos, Kare.Orilla@gastech.com.kronos, Elsa.Orilla@gastech.com.kronos, Brand.Tempestad@gastech.com.kronos, Ingrid.Barranco@gastech.com.kronos, Ada.Campo-Corrente@gastech.com.kronos, Sten.Sanjorge Jr.@gastech.com.kronos, Orhan.Strum@gastech.com.kronos, Willem.Vasco-Pais@gastech.com.kronos, Bertrand.Ovan@gastech.com.kronos, Albina.Hafon@gastech.com.kronos, Benito.Hawelon@gastech.com.kronos, Claudio.Hawelon@gastech.com.kronos, Henk.Mies@gastech.com.kronos, Valeria.Morlun@gastech.com.kronos, Adan.Morlun@gastech.com.kronos, Cecilia.Morluniau@gastech.com.kronos, Irene.Nant@gastech.com.kronos, Dylan.Scozzese@gastech.com.kronos, Lucas.Alcazar@gastech.com.kronos, Isak.Baza@gastech.com.kronos, Linnea.Bergen@gastech.com.kronos, Nils.Calixto@gastech.com.kronos, Sven.Flecha@gastech.com.kronos, Hideki.Cocinaro@gastech.com.kronos, Inga.Ferro@gastech.com.kronos, Loreto.Bodrogi@gastech.com.kronos, Isia.Vann@gastech.com.kronos, Stenig.Fusil@gastech.com.kronos, Hennie.Osvaldo@gastech.com.kronos, Kanon.Herrero@gastech.com.kronos, Varja.Lagos@gastech.com.kronos, Minke.Mies@gastech.com.kronos, Felix.Resumir@gastech.com.kronos, Edvard.Vann@gastech.com.kronos, Emile.Arpa@gastech.com.kronos, Varro.Awelon@gastech.com.kronos, Mat.Bramar@gastech.com.kronos, Dante.Coginian@gastech.com.kronos, Carla.Forluniau@gastech.com.kronos, Linda.Lagos@gastech.com.kronos, Cornelia.Lais@gastech.com.kronos, Ruscella.Mies.Haber@gastech.com.kronos, Anda.Ribera@gastech.com.kronos",1/6/2014 15:54,"Good morning, GasTech!"
Lucas.Alcazar@gastech.com.kronos,Dante.Coginian@gastech.com.kronos,1/6/2014 15:58,RE: Congratulations on your service anniversary
Adra.Nubarron@gastech.com.kronos,"Isande.Borrasca@gastech.com.kronos, Elsa.Orilla@gastech.com.kronos, Felix.Balas@gastech.com.kronos, Brand.Tempestad@gastech.com.kronos, Kare.Orilla@gastech.com.kronos, Adra.Nubarron@gastech.com.kronos, Lars.Azada@gastech.com.kronos, Marin.Onda@gastech.com.kronos, Gustav.Cazar@gastech.com.kronos",1/6/2014 16:21,RE: Wellhead flow rate data
Lars.Azada@gastech.com.kronos,Axel.Calzas@gastech.com.kronos,1/6/2014 16:31,RE: Meeting
Axel.Calzas@gastech.com.kronos,Lars.Azada@gastech.com.kronos,1/6/2014 16:37,RE: Meeting
Adan.Morlun@gastech.com.kronos,"Irene.Nant@gastech.com.kronos, Dante.Coginian@gastech.com.kronos, Emile.Arpa@gastech.com.kronos, Varro.Awelon@gastech.com.kronos, Cecilia.Morluniau@gastech.com.kronos, Claudio.Hawelon@gastech.com.kronos, Henk.Mies@gastech.com.kronos, Dylan.Scozzese@gastech.com.kronos, Benito.Hawelon@gastech.com.kronos",1/6/2014 16:38,RE: Facilities preparations for VIP visit
Nils.Calixto@gastech.com.kronos,Kanon.Herrero@gastech.com.kronos,1/6/2014 16:39,RE: Late for meeting
Dylan.Scozzese@gastech.com.kronos,"Irene.Nant@gastech.com.kronos, Cecilia.Morluniau@gastech.com.kronos, Dylan.Scozzese@gastech.com.kronos",1/6/2014 16:39,RE: Route suggestion for next shift
Ruscella.Mies.Haber@gastech.com.kronos,"Mat.Bramar@gastech.com.kronos, Anda.Ribera@gastech.com.kronos, Rachel.Pantanal@gastech.com.kronos, Linda.Lagos@gastech.com.kronos, Ruscella.Mies.Haber@gastech.com.kronos, Carla.Forluniau@gastech.com.kronos, Cornelia.Lais@gastech.com.kronos",1/6/2014 16:44,RE: Question - Protocol for VIP visit
Kanon.Herrero@gastech.com.kronos,Nils.Calixto@gastech.com.kronos,1/6/2014 16:53,RE: Late for meeting
Dante.Coginian@gastech.com.kronos,Lucas.Alcazar@gastech.com.kronos,1/6/2014 16:55,RE: Congratulations on your service anniversary
Dylan.Scozzese@gastech.com.kronos,"Irene.Nant@gastech.com.kronos, Cecilia.Morluniau@gastech.com.kronos, Dylan.Scozzese@gastech.com.kronos",1/6/2014 16:55,RE: Route suggestion for next shift
Nils.Calixto@gastech.com.kronos,Kanon.Herrero@gastech.com.kronos,1/6/2014 17:07,RE: Late for meeting
Kanon.Herrero@gastech.com.kronos,Nils.Calixto@gastech.com.kronos,1/6/2014 17:10,RE: Late for meeting
Rachel.Pantanal@gastech.com.kronos,Claudio.Hawelon@gastech.com.kronos,1/6/2014 17:34,RE: Are you buying coffee?
Irene.Nant@gastech.com.kronos,"Irene.Nant@gastech.com.kronos, Cecilia.Morluniau@gastech.com.kronos, Dylan.Scozzese@gastech.com.kronos",1/6/2014 17:52,RE: Route suggestion for next shift
Marin.Onda@gastech.com.kronos,"Isande.Borrasca@gastech.com.kronos, Elsa.Orilla@gastech.com.kronos, Felix.Balas@gastech.com.kronos, Brand.Tempestad@gastech.com.kronos, Kare.Orilla@gastech.com.kronos, Adra.Nubarron@gastech.com.kronos, Lars.Azada@gastech.com.kronos, Marin.Onda@gastech.com.kronos, Gustav.Cazar@gastech.com.kronos",1/6/2014 17:56,RE: Wellhead flow rate data
Dylan.Scozzese@gastech.com.kronos,"Irene.Nant@gastech.com.kronos, Cecilia.Morluniau@gastech.com.kronos, Dylan.Scozzese@gastech.com.kronos",1/6/2014 17:57,RE: Route suggestion for next shift
Irene.Nant@gastech.com.kronos,"Irene.Nant@gastech.com.kronos, Cecilia.Morluniau@gastech.com.kronos, Dylan.Scozzese@gastech.com.kronos",1/6/2014 18:01,RE: Route suggestion for next shift
Cecilia.Morluniau@gastech.com.kronos,"Dylan.Scozzese@gastech.com.kronos, Emile.Arpa@gastech.com.kronos, Henk.Mies@gastech.com.kronos, Adan.Morlun@gastech.com.kronos, Valeria.Morlun@gastech.com.kronos, Benito.Hawelon@gastech.com.kronos, Albina.Hafon@gastech.com.kronos, Claudio.Hawelon@gastech.com.kronos",1/6/2014 18:08,RE: Facilities preparations for VIP visit
Mat.Bramar@gastech.com.kronos,"Rachel.Pantanal@gastech.com.kronos, Lars.Azada@gastech.com.kronos, Felix.Balas@gastech.com.kronos, Isande.Borrasca@gastech.com.kronos, Axel.Calzas@gastech.com.kronos, Gustav.Cazar@gastech.com.kronos, Lidelse.Dedos@gastech.com.kronos, Birgitta.Frente@gastech.com.kronos, Vira.Frente@gastech.com.kronos, Adra.Nubarron@gastech.com.kronos, Marin.Onda@gastech.com.kronos, Kare.Orilla@gastech.com.kronos, Elsa.Orilla@gastech.com.kronos, Brand.Tempestad@gastech.com.kronos, Ingrid.Barranco@gastech.com.kronos, Ada.Campo-Corrente@gastech.com.kronos, Sten.Sanjorge Jr.@gastech.com.kronos, Orhan.Strum@gastech.com.kronos, Willem.Vasco-Pais@gastech.com.kronos, Bertrand.Ovan@gastech.com.kronos, Albina.Hafon@gastech.com.kronos, Benito.Hawelon@gastech.com.kronos, Claudio.Hawelon@gastech.com.kronos, Henk.Mies@gastech.com.kronos, Valeria.Morlun@gastech.com.kronos, Adan.Morlun@gastech.com.kronos, Cecilia.Morluniau@gastech.com.kronos, Irene.Nant@gastech.com.kronos, Dylan.Scozzese@gastech.com.kronos, Lucas.Alcazar@gastech.com.kronos, Isak.Baza@gastech.com.kronos, Linnea.Bergen@gastech.com.kronos, Nils.Calixto@gastech.com.kronos, Sven.Flecha@gastech.com.kronos, Hideki.Cocinaro@gastech.com.kronos, Inga.Ferro@gastech.com.kronos, Loreto.Bodrogi@gastech.com.kronos, Isia.Vann@gastech.com.kronos, Stenig.Fusil@gastech.com.kronos, Hennie.Osvaldo@gastech.com.kronos, Kanon.Herrero@gastech.com.kronos, Varja.Lagos@gastech.com.kronos, Minke.Mies@gastech.com.kronos, Felix.Resumir@gastech.com.kronos, Edvard.Vann@gastech.com.kronos, Emile.Arpa@gastech.com.kronos, Varro.Awelon@gastech.com.kronos, Mat.Bramar@gastech.com.kronos, Dante.Coginian@gastech.com.kronos, Carla.Forluniau@gastech.com.kronos, Linda.Lagos@gastech.com.kronos, Cornelia.Lais@gastech.com.kronos, Ruscella.Mies.Haber@gastech.com.kronos, Anda.Ribera@gastech.com.kronos",1/7/2014 8:27,Service anniversaries!
Irene.Nant@gastech.com.kronos,"Bertrand.Ovan@gastech.com.kronos, Varro.Awelon@gastech.com.kronos, Dante.Coginian@gastech.com.kronos, Adan.Morlun@gastech.com.kronos, Albina.Hafon@gastech.com.kronos, Claudio.Hawelon@gastech.com.kronos, Cecilia.Morluniau@gastech.com.kronos, Irene.Nant@gastech.com.kronos, Henk.Mies@gastech.com.kronos",1/7/2014 8:46,Traffic advisory for today
Dylan.Scozzese@gastech.com.kronos,"Irene.Nant@gastech.com.kronos, Adan.Morlun@gastech.com.kronos, Valeria.Morlun@gastech.com.kronos, Emile.Arpa@gastech.com.kronos, Varro.Awelon@gastech.com.kronos, Benito.Hawelon@gastech.com.kronos, Henk.Mies@gastech.com.kronos, Bertrand.Ovan@gastech.com.kronos, Claudio.Hawelon@gastech.com.kronos",1/7/2014 8:53,List of repairs needed
Nils.Calixto@gastech.com.kronos,"Sven.Flecha@gastech.com.kronos, Lucas.Alcazar@gastech.com.kronos, Isak.Baza@gastech.com.kronos",1/7/2014 8:59,GT-SeismicProcessorPro Bug Report
Ada.Campo-Corrente@gastech.com.kronos,Felix.Resumir@gastech.com.kronos,1/7/2014 9:34,"Hey, I�m going home sick."
Lucas.Alcazar@gastech.com.kronos,"Sven.Flecha@gastech.com.kronos, Lucas.Alcazar@gastech.com.kronos, Isak.Baza@gastech.com.kronos",1/7/2014 9:35,RE: GT-SeismicProcessorPro Bug Report
Lucas.Alcazar@gastech.com.kronos,"Sven.Flecha@gastech.com.kronos, Lucas.Alcazar@gastech.com.kronos, Isak.Baza@gastech.com.kronos",1/7/2014 9:59,RE: GT-SeismicProcessorPro Bug Report
Mat.Bramar@gastech.com.kronos,"Mat.Bramar@gastech.com.kronos, Anda.Ribera@gastech.com.kronos, Rachel.Pantanal@gastech.com.kronos, Linda.Lagos@gastech.com.kronos, Ruscella.Mies.Haber@gastech.com.kronos, Carla.Forluniau@gastech.com.kronos, Cornelia.Lais@gastech.com.kronos",1/7/2014 10:00,Dress for success - Dress to impress
Lidelse.Dedos@gastech.com.kronos,Elsa.Orilla@gastech.com.kronos,1/7/2014 10:06,Files
Isia.Vann@gastech.com.kronos,Rachel.Pantanal@gastech.com.kronos,1/7/2014 10:06,This weekend?
Inga.Ferro@gastech.com.kronos,Willem.Vasco-Pais@gastech.com.kronos,1/7/2014 10:32,Late for meeting
Carla.Forluniau@gastech.com.kronos,Irene.Nant@gastech.com.kronos,1/7/2014 10:34,"Works for me, thanks"
Sven.Flecha@gastech.com.kronos,"Sven.Flecha@gastech.com.kronos, Lucas.Alcazar@gastech.com.kronos, Isak.Baza@gastech.com.kronos",1/7/2014 10:34,RE: GT-SeismicProcessorPro Bug Report
Ruscella.Mies.Haber@gastech.com.kronos,"Rachel.Pantanal@gastech.com.kronos, Lars.Azada@gastech.com.kronos, Felix.Balas@gastech.com.kronos, Isande.Borrasca@gastech.com.kronos, Axel.Calzas@gastech.com.kronos, Gustav.Cazar@gastech.com.kronos, Lidelse.Dedos@gastech.com.kronos, Birgitta.Frente@gastech.com.kronos, Vira.Frente@gastech.com.kronos, Adra.Nubarron@gastech.com.kronos, Marin.Onda@gastech.com.kronos, Kare.Orilla@gastech.com.kronos, Elsa.Orilla@gastech.com.kronos, Brand.Tempestad@gastech.com.kronos, Ingrid.Barranco@gastech.com.kronos, Ada.Campo-Corrente@gastech.com.kronos, Sten.Sanjorge Jr.@gastech.com.kronos, Orhan.Strum@gastech.com.kronos, Willem.Vasco-Pais@gastech.com.kronos, Bertrand.Ovan@gastech.com.kronos, Albina.Hafon@gastech.com.kronos, Benito.Hawelon@gastech.com.kronos, Claudio.Hawelon@gastech.com.kronos, Henk.Mies@gastech.com.kronos, Valeria.Morlun@gastech.com.kronos, Adan.Morlun@gastech.com.kronos, Cecilia.Morluniau@gastech.com.kronos, Irene.Nant@gastech.com.kronos, Dylan.Scozzese@gastech.com.kronos, Lucas.Alcazar@gastech.com.kronos, Isak.Baza@gastech.com.kronos, Linnea.Bergen@gastech.com.kronos, Nils.Calixto@gastech.com.kronos, Sven.Flecha@gastech.com.kronos, Hideki.Cocinaro@gastech.com.kronos, Inga.Ferro@gastech.com.kronos, Loreto.Bodrogi@gastech.com.kronos, Isia.Vann@gastech.com.kronos, Stenig.Fusil@gastech.com.kronos, Hennie.Osvaldo@gastech.com.kronos, Kanon.Herrero@gastech.com.kronos, Varja.Lagos@gastech.com.kronos, Minke.Mies@gastech.com.kronos, Felix.Resumir@gastech.com.kronos, Edvard.Vann@gastech.com.kronos, Emile.Arpa@gastech.com.kronos, Varro.Awelon@gastech.com.kronos, Mat.Bramar@gastech.com.kronos, Dante.Coginian@gastech.com.kronos, Carla.Forluniau@gastech.com.kronos, Linda.Lagos@gastech.com.kronos, Cornelia.Lais@gastech.com.kronos, Ruscella.Mies.Haber@gastech.com.kronos, Anda.Ribera@gastech.com.kronos",1/7/2014 10:35,Daily morning announcements
Nils.Calixto@gastech.com.kronos,"Isak.Baza@gastech.com.kronos, Sven.Flecha@gastech.com.kronos",1/7/2014 10:45,GT-SeismicProcessorPro Bug Report
Isia.Vann@gastech.com.kronos,Rachel.Pantanal@gastech.com.kronos,1/7/2014 10:48,Karoake night
Sven.Flecha@gastech.com.kronos,"Sven.Flecha@gastech.com.kronos, Lucas.Alcazar@gastech.com.kronos, Isak.Baza@gastech.com.kronos",1/7/2014 11:05,RE: GT-SeismicProcessorPro Bug Report
Felix.Resumir@gastech.com.kronos,Ada.Campo-Corrente@gastech.com.kronos,1/7/2014 11:08,"RE: Hey, I�m going home sick."
Lars.Azada@gastech.com.kronos,"Axel.Calzas@gastech.com.kronos, Vira.Frente@gastech.com.kronos, Lidelse.Dedos@gastech.com.kronos, Elsa.Orilla@gastech.com.kronos",1/7/2014 11:12,Downhole prediction 2522-00
Felix.Balas@gastech.com.kronos,Carla.Forluniau@gastech.com.kronos,1/7/2014 11:14,I�m in! -  post a list
Elsa.Orilla@gastech.com.kronos,Lidelse.Dedos@gastech.com.kronos,1/7/2014 11:18,RE: Files
Varro.Awelon@gastech.com.kronos,"Bertrand.Ovan@gastech.com.kronos, Varro.Awelon@gastech.com.kronos, Dante.Coginian@gastech.com.kronos, Adan.Morlun@gastech.com.kronos, Albina.Hafon@gastech.com.kronos, Claudio.Hawelon@gastech.com.kronos, Cecilia.Morluniau@gastech.com.kronos, Irene.Nant@gastech.com.kronos, Henk.Mies@gastech.com.kronos",1/7/2014 11:19,RE: Traffic advisory for today
Henk.Mies@gastech.com.kronos,"Irene.Nant@gastech.com.kronos, Adan.Morlun@gastech.com.kronos, Valeria.Morlun@gastech.com.kronos, Emile.Arpa@gastech.com.kronos, Varro.Awelon@gastech.com.kronos, Benito.Hawelon@gastech.com.kronos, Henk.Mies@gastech.com.kronos, Bertrand.Ovan@gastech.com.kronos, Claudio.Hawelon@gastech.com.kronos",1/7/2014 11:21,RE: List of repairs needed
Lucas.Alcazar@gastech.com.kronos,"Rachel.Pantanal@gastech.com.kronos, Lars.Azada@gastech.com.kronos, Felix.Balas@gastech.com.kronos, Isande.Borrasca@gastech.com.kronos, Axel.Calzas@gastech.com.kronos, Gustav.Cazar@gastech.com.kronos, Lidelse.Dedos@gastech.com.kronos, Birgitta.Frente@gastech.com.kronos, Vira.Frente@gastech.com.kronos, Adra.Nubarron@gastech.com.kronos, Marin.Onda@gastech.com.kronos, Kare.Orilla@gastech.com.kronos, Elsa.Orilla@gastech.com.kronos, Brand.Tempestad@gastech.com.kronos, Ingrid.Barranco@gastech.com.kronos, Ada.Campo-Corrente@gastech.com.kronos, Sten.Sanjorge Jr.@gastech.com.kronos, Orhan.Strum@gastech.com.kronos, Willem.Vasco-Pais@gastech.com.kronos, Bertrand.Ovan@gastech.com.kronos, Albina.Hafon@gastech.com.kronos, Benito.Hawelon@gastech.com.kronos, Claudio.Hawelon@gastech.com.kronos, Henk.Mies@gastech.com.kronos, Valeria.Morlun@gastech.com.kronos, Adan.Morlun@gastech.com.kronos, Cecilia.Morluniau@gastech.com.kronos, Irene.Nant@gastech.com.kronos, Dylan.Scozzese@gastech.com.kronos, Lucas.Alcazar@gastech.com.kronos, Isak.Baza@gastech.com.kronos, Linnea.Bergen@gastech.com.kronos, Nils.Calixto@gastech.com.kronos, Sven.Flecha@gastech.com.kronos, Hideki.Cocinaro@gastech.com.kronos, Inga.Ferro@gastech.com.kronos, Loreto.Bodrogi@gastech.com.kronos, Isia.Vann@gastech.com.kronos, Stenig.Fusil@gastech.com.kronos, Hennie.Osvaldo@gastech.com.kronos, Kanon.Herrero@gastech.com.kronos, Varja.Lagos@gastech.com.kronos, Minke.Mies@gastech.com.kronos, Felix.Resumir@gastech.com.kronos, Edvard.Vann@gastech.com.kronos, Emile.Arpa@gastech.com.kronos, Varro.Awelon@gastech.com.kronos, Mat.Bramar@gastech.com.kronos, Dante.Coginian@gastech.com.kronos, Carla.Forluniau@gastech.com.kronos, Linda.Lagos@gastech.com.kronos, Cornelia.Lais@gastech.com.kronos, Ruscella.Mies.Haber@gastech.com.kronos, Anda.Ribera@gastech.com.kronos",1/7/2014 11:22,RE: Service anniversaries!
Bertrand.Ovan@gastech.com.kronos,"Irene.Nant@gastech.com.kronos, Adan.Morlun@gastech.com.kronos, Valeria.Morlun@gastech.com.kronos, Emile.Arpa@gastech.com.kronos, Varro.Awelon@gastech.com.kronos, Benito.Hawelon@gastech.com.kronos, Henk.Mies@gastech.com.kronos, Bertrand.Ovan@gastech.com.kronos, Claudio.Hawelon@gastech.com.kronos",1/7/2014 11:26,RE: List of repairs needed
Irene.Nant@gastech.com.kronos,"Bertrand.Ovan@gastech.com.kronos, Varro.Awelon@gastech.com.kronos, Dante.Coginian@gastech.com.kronos, Adan.Morlun@gastech.com.kronos, Albina.Hafon@gastech.com.kronos, Claudio.Hawelon@gastech.com.kronos, Cecilia.Morluniau@gastech.com.kronos, Irene.Nant@gastech.com.kronos, Henk.Mies@gastech.com.kronos",1/7/2014 11:30,RE: Traffic advisory for today
Adan.Morlun@gastech.com.kronos,"Adan.Morlun@gastech.com.kronos, Valeria.Morlun@gastech.com.kronos, Henk.Mies@gastech.com.kronos, Albina.Hafon@gastech.com.kronos, Dylan.Scozzese@gastech.com.kronos",1/7/2014 11:37,Traffic advisory for today
Lucas.Alcazar@gastech.com.kronos,"Sven.Flecha@gastech.com.kronos, Lucas.Alcazar@gastech.com.kronos, Isak.Baza@gastech.com.kronos",1/7/2014 11:47,RE: GT-SeismicProcessorPro Bug Report
Isak.Baza@gastech.com.kronos,"Sven.Flecha@gastech.com.kronos, Lucas.Alcazar@gastech.com.kronos, Isak.Baza@gastech.com.kronos",1/7/2014 11:49,RE: GT-SeismicProcessorPro Bug Report
Ada.Campo-Corrente@gastech.com.kronos,Felix.Resumir@gastech.com.kronos,1/7/2014 11:51,"RE: Hey, I�m going home sick."
Willem.Vasco-Pais@gastech.com.kronos,Inga.Ferro@gastech.com.kronos,1/7/2014 11:53,RE: Late for meeting
Mat.Bramar@gastech.com.kronos,Dante.Coginian@gastech.com.kronos,1/7/2014 11:55,Document stuck
Felix.Resumir@gastech.com.kronos,Ada.Campo-Corrente@gastech.com.kronos,1/7/2014 12:01,"RE: Hey, I�m going home sick."
Inga.Ferro@gastech.com.kronos,Willem.Vasco-Pais@gastech.com.kronos,1/7/2014 12:05,RE: Late for meeting
Willem.Vasco-Pais@gastech.com.kronos,Inga.Ferro@gastech.com.kronos,1/7/2014 12:07,RE: Late for meeting
Claudio.Hawelon@gastech.com.kronos,"Irene.Nant@gastech.com.kronos, Adan.Morlun@gastech.com.kronos, Valeria.Morlun@gastech.com.kronos, Emile.Arpa@gastech.com.kronos, Varro.Awelon@gastech.com.kronos, Benito.Hawelon@gastech.com.kronos, Henk.Mies@gastech.com.kronos, Bertrand.Ovan@gastech.com.kronos, Claudio.Hawelon@gastech.com.kronos",1/7/2014 12:09,RE: List of repairs needed
Lidelse.Dedos@gastech.com.kronos,Elsa.Orilla@gastech.com.kronos,1/7/2014 12:17,RE: Files
Cecilia.Morluniau@gastech.com.kronos,"Bertrand.Ovan@gastech.com.kronos, Varro.Awelon@gastech.com.kronos, Dante.Coginian@gastech.com.kronos, Adan.Morlun@gastech.com.kronos, Albina.Hafon@gastech.com.kronos, Claudio.Hawelon@gastech.com.kronos, Cecilia.Morluniau@gastech.com.kronos, Irene.Nant@gastech.com.kronos, Henk.Mies@gastech.com.kronos",1/7/2014 12:18,RE: Traffic advisory for today
Cecilia.Morluniau@gastech.com.kronos,"Bertrand.Ovan@gastech.com.kronos, Varro.Awelon@gastech.com.kronos, Dante.Coginian@gastech.com.kronos, Adan.Morlun@gastech.com.kronos, Albina.Hafon@gastech.com.kronos, Claudio.Hawelon@gastech.com.kronos, Cecilia.Morluniau@gastech.com.kronos, Irene.Nant@gastech.com.kronos, Henk.Mies@gastech.com.kronos",1/7/2014 12:25,RE: Traffic advisory for today
Cornelia.Lais@gastech.com.kronos,"Mat.Bramar@gastech.com.kronos, Anda.Ribera@gastech.com.kronos, Rachel.Pantanal@gastech.com.kronos, Linda.Lagos@gastech.com.kronos, Ruscella.Mies.Haber@gastech.com.kronos, Carla.Forluniau@gastech.com.kronos, Cornelia.Lais@gastech.com.kronos",1/7/2014 12:29,RE: Dress for success - Dress to impress
Nils.Calixto@gastech.com.kronos,"Lucas.Alcazar@gastech.com.kronos, Isak.Baza@gastech.com.kronos, Nils.Calixto@gastech.com.kronos",1/7/2014 12:30,GT-SeismicProcessorPro Bug Report
Gustav.Cazar@gastech.com.kronos,"Rachel.Pantanal@gastech.com.kronos, Lars.Azada@gastech.com.kronos, Felix.Balas@gastech.com.kronos, Isande.Borrasca@gastech.com.kronos, Axel.Calzas@gastech.com.kronos, Gustav.Cazar@gastech.com.kronos, Lidelse.Dedos@gastech.com.kronos, Birgitta.Frente@gastech.com.kronos, Vira.Frente@gastech.com.kronos, Adra.Nubarron@gastech.com.kronos, Marin.Onda@gastech.com.kronos, Kare.Orilla@gastech.com.kronos, Elsa.Orilla@gastech.com.kronos, Brand.Tempestad@gastech.com.kronos, Ingrid.Barranco@gastech.com.kronos, Ada.Campo-Corrente@gastech.com.kronos, Sten.Sanjorge Jr.@gastech.com.kronos, Orhan.Strum@gastech.com.kronos, Willem.Vasco-Pais@gastech.com.kronos, Bertrand.Ovan@gastech.com.kronos, Albina.Hafon@gastech.com.kronos, Benito.Hawelon@gastech.com.kronos, Claudio.Hawelon@gastech.com.kronos, Henk.Mies@gastech.com.kronos, Valeria.Morlun@gastech.com.kronos, Adan.Morlun@gastech.com.kronos, Cecilia.Morluniau@gastech.com.kronos, Irene.Nant@gastech.com.kronos, Dylan.Scozzese@gastech.com.kronos, Lucas.Alcazar@gastech.com.kronos, Isak.Baza@gastech.com.kronos, Linnea.Bergen@gastech.com.kronos, Nils.Calixto@gastech.com.kronos, Sven.Flecha@gastech.com.kronos, Hideki.Cocinaro@gastech.com.kronos, Inga.Ferro@gastech.com.kronos, Loreto.Bodrogi@gastech.com.kronos, Isia.Vann@gastech.com.kronos, Stenig.Fusil@gastech.com.kronos, Hennie.Osvaldo@gastech.com.kronos, Kanon.Herrero@gastech.com.kronos, Varja.Lagos@gastech.com.kronos, Minke.Mies@gastech.com.kronos, Felix.Resumir@gastech.com.kronos, Edvard.Vann@gastech.com.kronos, Emile.Arpa@gastech.com.kronos, Varro.Awelon@gastech.com.kronos, Mat.Bramar@gastech.com.kronos, Dante.Coginian@gastech.com.kronos, Carla.Forluniau@gastech.com.kronos, Linda.Lagos@gastech.com.kronos, Cornelia.Lais@gastech.com.kronos, Ruscella.Mies.Haber@gastech.com.kronos, Anda.Ribera@gastech.com.kronos",1/7/2014 12:30,RE: Service anniversaries!
Orhan.Strum@gastech.com.kronos,"Ingrid.Barranco@gastech.com.kronos, Ada.Campo-Corrente@gastech.com.kronos, Orhan.Strum@gastech.com.kronos",1/7/2014 12:31,Yearly numbers looking good
Carla.Forluniau@gastech.com.kronos,Felix.Balas@gastech.com.kronos,1/7/2014 12:34,RE: I�m in! -  post a list
Felix.Balas@gastech.com.kronos,Carla.Forluniau@gastech.com.kronos,1/7/2014 12:37,RE: I�m in! -  post a list
Hideki.Cocinaro@gastech.com.kronos,Cornelia.Lais@gastech.com.kronos,1/7/2014 12:37,No hurry
Cecilia.Morluniau@gastech.com.kronos,"Bertrand.Ovan@gastech.com.kronos, Varro.Awelon@gastech.com.kronos, Dante.Coginian@gastech.com.kronos, Adan.Morlun@gastech.com.kronos, Albina.Hafon@gastech.com.kronos, Claudio.Hawelon@gastech.com.kronos, Cecilia.Morluniau@gastech.com.kronos, Irene.Nant@gastech.com.kronos, Henk.Mies@gastech.com.kronos",1/7/2014 12:40,RE: Traffic advisory for today
Vira.Frente@gastech.com.kronos,"Axel.Calzas@gastech.com.kronos, Vira.Frente@gastech.com.kronos, Lidelse.Dedos@gastech.com.kronos, Elsa.Orilla@gastech.com.kronos",1/7/2014 12:47,RE: Downhole prediction 2522-00
Isande.Borrasca@gastech.com.kronos,"Isande.Borrasca@gastech.com.kronos, Lars.Azada@gastech.com.kronos, Kare.Orilla@gastech.com.kronos, Marin.Onda@gastech.com.kronos, Elsa.Orilla@gastech.com.kronos, Axel.Calzas@gastech.com.kronos, Brand.Tempestad@gastech.com.kronos, Vira.Frente@gastech.com.kronos",1/7/2014 13:00,Wellhead flow rate data - overpressure at well 1783-03?
Linda.Lagos@gastech.com.kronos,"Mat.Bramar@gastech.com.kronos, Anda.Ribera@gastech.com.kronos, Rachel.Pantanal@gastech.com.kronos, Linda.Lagos@gastech.com.kronos, Ruscella.Mies.Haber@gastech.com.kronos, Carla.Forluniau@gastech.com.kronos, Cornelia.Lais@gastech.com.kronos",1/7/2014 13:03,Catering?!?
Nils.Calixto@gastech.com.kronos,"Lucas.Alcazar@gastech.com.kronos, Sven.Flecha@gastech.com.kronos, Isak.Baza@gastech.com.kronos",1/7/2014 13:05,GT-SeismicProcessorPro Bug Report
Mat.Bramar@gastech.com.kronos,"Mat.Bramar@gastech.com.kronos, Anda.Ribera@gastech.com.kronos, Rachel.Pantanal@gastech.com.kronos, Linda.Lagos@gastech.com.kronos, Ruscella.Mies.Haber@gastech.com.kronos, Carla.Forluniau@gastech.com.kronos, Cornelia.Lais@gastech.com.kronos",1/7/2014 13:06,RE: Dress for success - Dress to impress
Vira.Frente@gastech.com.kronos,"Axel.Calzas@gastech.com.kronos, Vira.Frente@gastech.com.kronos, Lidelse.Dedos@gastech.com.kronos, Elsa.Orilla@gastech.com.kronos",1/7/2014 13:08,RE: Downhole prediction 2522-00
Varja.Lagos@gastech.com.kronos,"Kanon.Herrero@gastech.com.kronos, Stenig.Fusil@gastech.com.kronos, Inga.Ferro@gastech.com.kronos, Hideki.Cocinaro@gastech.com.kronos, Hennie.Osvaldo@gastech.com.kronos, Felix.Resumir@gastech.com.kronos, Isia.Vann@gastech.com.kronos",1/7/2014 13:16,Resolution of incident
Cornelia.Lais@gastech.com.kronos,"Mat.Bramar@gastech.com.kronos, Anda.Ribera@gastech.com.kronos, Rachel.Pantanal@gastech.com.kronos, Linda.Lagos@gastech.com.kronos, Ruscella.Mies.Haber@gastech.com.kronos, Carla.Forluniau@gastech.com.kronos, Cornelia.Lais@gastech.com.kronos",1/7/2014 13:18,RE: Dress for success - Dress to impress
Ingrid.Barranco@gastech.com.kronos,"Ingrid.Barranco@gastech.com.kronos, Ada.Campo-Corrente@gastech.com.kronos, Orhan.Strum@gastech.com.kronos",1/7/2014 13:19,RE: Yearly numbers looking good
Carla.Forluniau@gastech.com.kronos,Felix.Balas@gastech.com.kronos,1/7/2014 13:21,RE: I�m in! -  post a list
Isande.Borrasca@gastech.com.kronos,"Isande.Borrasca@gastech.com.kronos, Lars.Azada@gastech.com.kronos, Kare.Orilla@gastech.com.kronos, Marin.Onda@gastech.com.kronos, Elsa.Orilla@gastech.com.kronos, Axel.Calzas@gastech.com.kronos, Brand.Tempestad@gastech.com.kronos, Vira.Frente@gastech.com.kronos",1/7/2014 13:26,RE: Wellhead flow rate data - overpressure at well 1783-03?
Lars.Azada@gastech.com.kronos,"Isande.Borrasca@gastech.com.kronos, Lars.Azada@gastech.com.kronos, Kare.Orilla@gastech.com.kronos, Marin.Onda@gastech.com.kronos, Elsa.Orilla@gastech.com.kronos, Axel.Calzas@gastech.com.kronos, Brand.Tempestad@gastech.com.kronos, Vira.Frente@gastech.com.kronos",1/7/2014 13:31,RE: Wellhead flow rate data - overpressure at well 1783-03?
Lidelse.Dedos@gastech.com.kronos,"Birgitta.Frente@gastech.com.kronos, Isande.Borrasca@gastech.com.kronos, Lars.Azada@gastech.com.kronos, Marin.Onda@gastech.com.kronos, Kare.Orilla@gastech.com.kronos, Gustav.Cazar@gastech.com.kronos, Axel.Calzas@gastech.com.kronos, Felix.Balas@gastech.com.kronos, Vira.Frente@gastech.com.kronos",1/7/2014 13:35,Well 1033-01 stabilization progress report
Birgitta.Frente@gastech.com.kronos,"Elsa.Orilla@gastech.com.kronos, Vira.Frente@gastech.com.kronos, Kare.Orilla@gastech.com.kronos, Isande.Borrasca@gastech.com.kronos, Gustav.Cazar@gastech.com.kronos, Birgitta.Frente@gastech.com.kronos, Brand.Tempestad@gastech.com.kronos, Lars.Azada@gastech.com.kronos, Marin.Onda@gastech.com.kronos, Axel.Calzas@gastech.com.kronos",1/7/2014 13:35,Downhole prediction 2522-00 - check your parameters
Anda.Ribera@gastech.com.kronos,"Mat.Bramar@gastech.com.kronos, Anda.Ribera@gastech.com.kronos, Rachel.Pantanal@gastech.com.kronos, Linda.Lagos@gastech.com.kronos, Ruscella.Mies.Haber@gastech.com.kronos, Carla.Forluniau@gastech.com.kronos, Cornelia.Lais@gastech.com.kronos",1/7/2014 13:37,RE: Dress for success - Dress to impress
Ingrid.Barranco@gastech.com.kronos,"Ingrid.Barranco@gastech.com.kronos, Ada.Campo-Corrente@gastech.com.kronos, Orhan.Strum@gastech.com.kronos",1/7/2014 13:42,RE: Yearly numbers looking good
Adra.Nubarron@gastech.com.kronos,Cecilia.Morluniau@gastech.com.kronos,1/7/2014 13:48,Plants
Adan.Morlun@gastech.com.kronos,"Adan.Morlun@gastech.com.kronos, Valeria.Morlun@gastech.com.kronos, Henk.Mies@gastech.com.kronos, Albina.Hafon@gastech.com.kronos, Dylan.Scozzese@gastech.com.kronos",1/7/2014 13:48,RE: Traffic advisory for today
Brand.Tempestad@gastech.com.kronos,"Isande.Borrasca@gastech.com.kronos, Lars.Azada@gastech.com.kronos, Kare.Orilla@gastech.com.kronos, Marin.Onda@gastech.com.kronos, Elsa.Orilla@gastech.com.kronos, Axel.Calzas@gastech.com.kronos, Brand.Tempestad@gastech.com.kronos, Vira.Frente@gastech.com.kronos",1/7/2014 13:51,RE: Wellhead flow rate data - overpressure at well 1783-03?
Ingrid.Barranco@gastech.com.kronos,"Ingrid.Barranco@gastech.com.kronos, Ada.Campo-Corrente@gastech.com.kronos, Orhan.Strum@gastech.com.kronos",1/7/2014 13:54,RE: Yearly numbers looking good
Adan.Morlun@gastech.com.kronos,"Henk.Mies@gastech.com.kronos, Albina.Hafon@gastech.com.kronos",1/7/2014 14:07,List of repairs needed
Orhan.Strum@gastech.com.kronos,"Ingrid.Barranco@gastech.com.kronos, Ada.Campo-Corrente@gastech.com.kronos, Orhan.Strum@gastech.com.kronos",1/7/2014 14:10,RE: Yearly numbers looking good
Bertrand.Ovan@gastech.com.kronos,"Emile.Arpa@gastech.com.kronos, Varro.Awelon@gastech.com.kronos, Dante.Coginian@gastech.com.kronos, Albina.Hafon@gastech.com.kronos, Benito.Hawelon@gastech.com.kronos, Claudio.Hawelon@gastech.com.kronos, Henk.Mies@gastech.com.kronos, Valeria.Morlun@gastech.com.kronos, Adan.Morlun@gastech.com.kronos, Cecilia.Morluniau@gastech.com.kronos, Irene.Nant@gastech.com.kronos, Dylan.Scozzese@gastech.com.kronos",1/7/2014 14:12,Mandatory safety training
Lidelse.Dedos@gastech.com.kronos,"Axel.Calzas@gastech.com.kronos, Vira.Frente@gastech.com.kronos, Lidelse.Dedos@gastech.com.kronos, Elsa.Orilla@gastech.com.kronos",1/7/2014 14:19,RE: Downhole prediction 2522-00
Cornelia.Lais@gastech.com.kronos,"Mat.Bramar@gastech.com.kronos, Anda.Ribera@gastech.com.kronos, Rachel.Pantanal@gastech.com.kronos, Linda.Lagos@gastech.com.kronos, Ruscella.Mies.Haber@gastech.com.kronos, Carla.Forluniau@gastech.com.kronos, Cornelia.Lais@gastech.com.kronos",1/7/2014 14:21,Can someone cover for me next week?
Rachel.Pantanal@gastech.com.kronos,"Mat.Bramar@gastech.com.kronos, Anda.Ribera@gastech.com.kronos, Rachel.Pantanal@gastech.com.kronos, Linda.Lagos@gastech.com.kronos, Ruscella.Mies.Haber@gastech.com.kronos, Carla.Forluniau@gastech.com.kronos, Cornelia.Lais@gastech.com.kronos",1/7/2014 14:21,Too funy - you have to see this...
Cornelia.Lais@gastech.com.kronos,Hideki.Cocinaro@gastech.com.kronos,1/7/2014 14:22,RE: No hurry
Isak.Baza@gastech.com.kronos,"Isak.Baza@gastech.com.kronos, Sven.Flecha@gastech.com.kronos",1/7/2014 14:22,RE: GT-SeismicProcessorPro Bug Report
Mat.Bramar@gastech.com.kronos,"Rachel.Pantanal@gastech.com.kronos, Lars.Azada@gastech.com.kronos, Felix.Balas@gastech.com.kronos, Isande.Borrasca@gastech.com.kronos, Axel.Calzas@gastech.com.kronos, Gustav.Cazar@gastech.com.kronos, Lidelse.Dedos@gastech.com.kronos, Birgitta.Frente@gastech.com.kronos, Vira.Frente@gastech.com.kronos, Adra.Nubarron@gastech.com.kronos, Marin.Onda@gastech.com.kronos, Kare.Orilla@gastech.com.kronos, Elsa.Orilla@gastech.com.kronos, Brand.Tempestad@gastech.com.kronos, Ingrid.Barranco@gastech.com.kronos, Ada.Campo-Corrente@gastech.com.kronos, Sten.Sanjorge Jr.@gastech.com.kronos, Orhan.Strum@gastech.com.kronos, Willem.Vasco-Pais@gastech.com.kronos, Bertrand.Ovan@gastech.com.kronos, Albina.Hafon@gastech.com.kronos, Benito.Hawelon@gastech.com.kronos, Claudio.Hawelon@gastech.com.kronos, Henk.Mies@gastech.com.kronos, Valeria.Morlun@gastech.com.kronos, Adan.Morlun@gastech.com.kronos, Cecilia.Morluniau@gastech.com.kronos, Irene.Nant@gastech.com.kronos, Dylan.Scozzese@gastech.com.kronos, Lucas.Alcazar@gastech.com.kronos, Isak.Baza@gastech.com.kronos, Linnea.Bergen@gastech.com.kronos, Nils.Calixto@gastech.com.kronos, Sven.Flecha@gastech.com.kronos, Hideki.Cocinaro@gastech.com.kronos, Inga.Ferro@gastech.com.kronos, Loreto.Bodrogi@gastech.com.kronos, Isia.Vann@gastech.com.kronos, Stenig.Fusil@gastech.com.kronos, Hennie.Osvaldo@gastech.com.kronos, Kanon.Herrero@gastech.com.kronos, Varja.Lagos@gastech.com.kronos, Minke.Mies@gastech.com.kronos, Felix.Resumir@gastech.com.kronos, Edvard.Vann@gastech.com.kronos, Emile.Arpa@gastech.com.kronos, Varro.Awelon@gastech.com.kronos, Mat.Bramar@gastech.com.kronos, Dante.Coginian@gastech.com.kronos, Carla.Forluniau@gastech.com.kronos, Linda.Lagos@gastech.com.kronos, Cornelia.Lais@gastech.com.kronos, Ruscella.Mies.Haber@gastech.com.kronos, Anda.Ribera@gastech.com.kronos",1/7/2014 14:25,Planning for staff picnic
Hideki.Cocinaro@gastech.com.kronos,Cornelia.Lais@gastech.com.kronos,1/7/2014 14:33,RE: No hurry
Anda.Ribera@gastech.com.kronos,Gustav.Cazar@gastech.com.kronos,1/7/2014 14:35,Need a ride to lunch later
Cornelia.Lais@gastech.com.kronos,Hideki.Cocinaro@gastech.com.kronos,1/7/2014 14:46,RE: No hurry
Lucas.Alcazar@gastech.com.kronos,"Isak.Baza@gastech.com.kronos, Lucas.Alcazar@gastech.com.kronos",1/7/2014 14:47,GT-SeismicProcessorPro Bug Report
Dante.Coginian@gastech.com.kronos,Mat.Bramar@gastech.com.kronos,1/7/2014 14:50,RE: Document stuck
Lucas.Alcazar@gastech.com.kronos,"Lucas.Alcazar@gastech.com.kronos, Isak.Baza@gastech.com.kronos, Nils.Calixto@gastech.com.kronos",1/7/2014 14:52,RE: GT-SeismicProcessorPro Bug Report
Isande.Borrasca@gastech.com.kronos,"Birgitta.Frente@gastech.com.kronos, Isande.Borrasca@gastech.com.kronos, Lars.Azada@gastech.com.kronos, Marin.Onda@gastech.com.kronos, Kare.Orilla@gastech.com.kronos, Gustav.Cazar@gastech.com.kronos, Axel.Calzas@gastech.com.kronos, Felix.Balas@gastech.com.kronos, Vira.Frente@gastech.com.kronos",1/7/2014 14:57,RE: Well 1033-01 stabilization progress report
Adan.Morlun@gastech.com.kronos,"Adan.Morlun@gastech.com.kronos, Valeria.Morlun@gastech.com.kronos, Henk.Mies@gastech.com.kronos, Albina.Hafon@gastech.com.kronos, Dylan.Scozzese@gastech.com.kronos",1/7/2014 14:59,RE: Traffic advisory for today
Ingrid.Barranco@gastech.com.kronos,"Ingrid.Barranco@gastech.com.kronos, Ada.Campo-Corrente@gastech.com.kronos, Orhan.Strum@gastech.com.kronos",1/7/2014 15:03,RE: Yearly numbers looking good
Isande.Borrasca@gastech.com.kronos,"Elsa.Orilla@gastech.com.kronos, Vira.Frente@gastech.com.kronos, Kare.Orilla@gastech.com.kronos, Isande.Borrasca@gastech.com.kronos, Gustav.Cazar@gastech.com.kronos, Birgitta.Frente@gastech.com.kronos, Brand.Tempestad@gastech.com.kronos, Lars.Azada@gastech.com.kronos, Marin.Onda@gastech.com.kronos, Axel.Calzas@gastech.com.kronos",1/7/2014 15:08,RE: Downhole prediction 2522-00 - check your parameters
Edvard.Vann@gastech.com.kronos,Elsa.Orilla@gastech.com.kronos,1/7/2014 15:09,Money for coffee fund
Henk.Mies@gastech.com.kronos,"Adan.Morlun@gastech.com.kronos, Valeria.Morlun@gastech.com.kronos, Henk.Mies@gastech.com.kronos, Albina.Hafon@gastech.com.kronos, Dylan.Scozzese@gastech.com.kronos",1/7/2014 15:13,RE: Traffic advisory for today
Isak.Baza@gastech.com.kronos,"Lucas.Alcazar@gastech.com.kronos, Isak.Baza@gastech.com.kronos, Nils.Calixto@gastech.com.kronos",1/7/2014 15:20,RE: GT-SeismicProcessorPro Bug Report
Vira.Frente@gastech.com.kronos,"Elsa.Orilla@gastech.com.kronos, Vira.Frente@gastech.com.kronos, Kare.Orilla@gastech.com.kronos, Isande.Borrasca@gastech.com.kronos, Gustav.Cazar@gastech.com.kronos, Birgitta.Frente@gastech.com.kronos, Brand.Tempestad@gastech.com.kronos, Lars.Azada@gastech.com.kronos, Marin.Onda@gastech.com.kronos, Axel.Calzas@gastech.com.kronos",1/7/2014 15:29,RE: Downhole prediction 2522-00 - check your parameters
Hideki.Cocinaro@gastech.com.kronos,"Kanon.Herrero@gastech.com.kronos, Stenig.Fusil@gastech.com.kronos, Inga.Ferro@gastech.com.kronos, Hideki.Cocinaro@gastech.com.kronos, Hennie.Osvaldo@gastech.com.kronos, Felix.Resumir@gastech.com.kronos, Isia.Vann@gastech.com.kronos",1/7/2014 15:31,RE: Resolution of incident
Albina.Hafon@gastech.com.kronos,"Adan.Morlun@gastech.com.kronos, Valeria.Morlun@gastech.com.kronos, Henk.Mies@gastech.com.kronos, Albina.Hafon@gastech.com.kronos, Dylan.Scozzese@gastech.com.kronos",1/7/2014 15:32,RE: Traffic advisory for today
Stenig.Fusil@gastech.com.kronos,"Kanon.Herrero@gastech.com.kronos, Stenig.Fusil@gastech.com.kronos, Inga.Ferro@gastech.com.kronos, Hideki.Cocinaro@gastech.com.kronos, Hennie.Osvaldo@gastech.com.kronos, Felix.Resumir@gastech.com.kronos, Isia.Vann@gastech.com.kronos",1/7/2014 15:33,RE: Resolution of incident
Gustav.Cazar@gastech.com.kronos,Anda.Ribera@gastech.com.kronos,1/7/2014 15:39,RE: Need a ride to lunch later
Hennie.Osvaldo@gastech.com.kronos,"Kanon.Herrero@gastech.com.kronos, Stenig.Fusil@gastech.com.kronos, Inga.Ferro@gastech.com.kronos, Hideki.Cocinaro@gastech.com.kronos, Hennie.Osvaldo@gastech.com.kronos, Felix.Resumir@gastech.com.kronos, Isia.Vann@gastech.com.kronos",1/7/2014 15:41,RE: Resolution of incident
Vira.Frente@gastech.com.kronos,"Isande.Borrasca@gastech.com.kronos, Lars.Azada@gastech.com.kronos, Kare.Orilla@gastech.com.kronos, Marin.Onda@gastech.com.kronos, Elsa.Orilla@gastech.com.kronos, Axel.Calzas@gastech.com.kronos, Brand.Tempestad@gastech.com.kronos, Vira.Frente@gastech.com.kronos",1/7/2014 15:42,RE: Wellhead flow rate data - overpressure at well 1783-03?
Kare.Orilla@gastech.com.kronos,"Isande.Borrasca@gastech.com.kronos, Lars.Azada@gastech.com.kronos, Kare.Orilla@gastech.com.kronos, Marin.Onda@gastech.com.kronos, Elsa.Orilla@gastech.com.kronos, Axel.Calzas@gastech.com.kronos, Brand.Tempestad@gastech.com.kronos, Vira.Frente@gastech.com.kronos",1/7/2014 15:47,RE: Wellhead flow rate data - overpressure at well 1783-03?
Bertrand.Ovan@gastech.com.kronos,"Emile.Arpa@gastech.com.kronos, Varro.Awelon@gastech.com.kronos, Dante.Coginian@gastech.com.kronos, Albina.Hafon@gastech.com.kronos, Benito.Hawelon@gastech.com.kronos, Claudio.Hawelon@gastech.com.kronos, Henk.Mies@gastech.com.kronos, Valeria.Morlun@gastech.com.kronos, Adan.Morlun@gastech.com.kronos, Cecilia.Morluniau@gastech.com.kronos, Irene.Nant@gastech.com.kronos, Dylan.Scozzese@gastech.com.kronos",1/7/2014 15:50,Be Careful!
Bertrand.Ovan@gastech.com.kronos,"Emile.Arpa@gastech.com.kronos, Varro.Awelon@gastech.com.kronos, Dante.Coginian@gastech.com.kronos, Albina.Hafon@gastech.com.kronos, Benito.Hawelon@gastech.com.kronos, Claudio.Hawelon@gastech.com.kronos, Henk.Mies@gastech.com.kronos, Valeria.Morlun@gastech.com.kronos, Adan.Morlun@gastech.com.kronos, Cecilia.Morluniau@gastech.com.kronos, Irene.Nant@gastech.com.kronos, Dylan.Scozzese@gastech.com.kronos",1/7/2014 15:50,Safety First!
Isak.Baza@gastech.com.kronos,"Lucas.Alcazar@gastech.com.kronos, Isak.Baza@gastech.com.kronos, Nils.Calixto@gastech.com.kronos",1/7/2014 15:51,RE: GT-SeismicProcessorPro Bug Report
Lars.Azada@gastech.com.kronos,"Isande.Borrasca@gastech.com.kronos, Lars.Azada@gastech.com.kronos, Kare.Orilla@gastech.com.kronos, Marin.Onda@gastech.com.kronos, Elsa.Orilla@gastech.com.kronos, Axel.Calzas@gastech.com.kronos, Brand.Tempestad@gastech.com.kronos, Vira.Frente@gastech.com.kronos",1/7/2014 15:51,RE: Wellhead flow rate data - overpressure at well 1783-03?
Isak.Baza@gastech.com.kronos,"Lucas.Alcazar@gastech.com.kronos, Isak.Baza@gastech.com.kronos, Nils.Calixto@gastech.com.kronos",1/7/2014 15:52,RE: GT-SeismicProcessorPro Bug Report
Henk.Mies@gastech.com.kronos,"Henk.Mies@gastech.com.kronos, Albina.Hafon@gastech.com.kronos",1/7/2014 16:00,RE: List of repairs needed
Henk.Mies@gastech.com.kronos,"Adan.Morlun@gastech.com.kronos, Valeria.Morlun@gastech.com.kronos, Henk.Mies@gastech.com.kronos, Albina.Hafon@gastech.com.kronos, Dylan.Scozzese@gastech.com.kronos",1/7/2014 16:02,RE: Traffic advisory for today
Isak.Baza@gastech.com.kronos,"Isak.Baza@gastech.com.kronos, Sven.Flecha@gastech.com.kronos",1/7/2014 16:04,RE: GT-SeismicProcessorPro Bug Report
Ingrid.Barranco@gastech.com.kronos,"Rachel.Pantanal@gastech.com.kronos, Lars.Azada@gastech.com.kronos, Felix.Balas@gastech.com.kronos, Isande.Borrasca@gastech.com.kronos, Axel.Calzas@gastech.com.kronos, Gustav.Cazar@gastech.com.kronos, Lidelse.Dedos@gastech.com.kronos, Birgitta.Frente@gastech.com.kronos, Vira.Frente@gastech.com.kronos, Adra.Nubarron@gastech.com.kronos, Marin.Onda@gastech.com.kronos, Kare.Orilla@gastech.com.kronos, Elsa.Orilla@gastech.com.kronos, Brand.Tempestad@gastech.com.kronos, Ingrid.Barranco@gastech.com.kronos, Ada.Campo-Corrente@gastech.com.kronos, Sten.Sanjorge Jr.@gastech.com.kronos, Orhan.Strum@gastech.com.kronos, Willem.Vasco-Pais@gastech.com.kronos, Bertrand.Ovan@gastech.com.kronos, Albina.Hafon@gastech.com.kronos, Benito.Hawelon@gastech.com.kronos, Claudio.Hawelon@gastech.com.kronos, Henk.Mies@gastech.com.kronos, Valeria.Morlun@gastech.com.kronos, Adan.Morlun@gastech.com.kronos, Cecilia.Morluniau@gastech.com.kronos, Irene.Nant@gastech.com.kronos, Dylan.Scozzese@gastech.com.kronos, Lucas.Alcazar@gastech.com.kronos, Isak.Baza@gastech.com.kronos, Linnea.Bergen@gastech.com.kronos, Nils.Calixto@gastech.com.kronos, Sven.Flecha@gastech.com.kronos, Hideki.Cocinaro@gastech.com.kronos, Inga.Ferro@gastech.com.kronos, Loreto.Bodrogi@gastech.com.kronos, Isia.Vann@gastech.com.kronos, Stenig.Fusil@gastech.com.kronos, Hennie.Osvaldo@gastech.com.kronos, Kanon.Herrero@gastech.com.kronos, Varja.Lagos@gastech.com.kronos, Minke.Mies@gastech.com.kronos, Felix.Resumir@gastech.com.kronos, Edvard.Vann@gastech.com.kronos, Emile.Arpa@gastech.com.kronos, Varro.Awelon@gastech.com.kronos, Mat.Bramar@gastech.com.kronos, Dante.Coginian@gastech.com.kronos, Carla.Forluniau@gastech.com.kronos, Linda.Lagos@gastech.com.kronos, Cornelia.Lais@gastech.com.kronos, Ruscella.Mies.Haber@gastech.com.kronos, Anda.Ribera@gastech.com.kronos",1/7/2014 16:08,RE: Planning for staff picnic
Anda.Ribera@gastech.com.kronos,"Mat.Bramar@gastech.com.kronos, Anda.Ribera@gastech.com.kronos, Rachel.Pantanal@gastech.com.kronos, Linda.Lagos@gastech.com.kronos, Ruscella.Mies.Haber@gastech.com.kronos, Carla.Forluniau@gastech.com.kronos, Cornelia.Lais@gastech.com.kronos",1/7/2014 16:10,RE: Catering?!?
Edvard.Vann@gastech.com.kronos,"Rachel.Pantanal@gastech.com.kronos, Lars.Azada@gastech.com.kronos, Felix.Balas@gastech.com.kronos, Isande.Borrasca@gastech.com.kronos, Axel.Calzas@gastech.com.kronos, Gustav.Cazar@gastech.com.kronos, Lidelse.Dedos@gastech.com.kronos, Birgitta.Frente@gastech.com.kronos, Vira.Frente@gastech.com.kronos, Adra.Nubarron@gastech.com.kronos, Marin.Onda@gastech.com.kronos, Kare.Orilla@gastech.com.kronos, Elsa.Orilla@gastech.com.kronos, Brand.Tempestad@gastech.com.kronos, Ingrid.Barranco@gastech.com.kronos, Ada.Campo-Corrente@gastech.com.kronos, Sten.Sanjorge Jr.@gastech.com.kronos, Orhan.Strum@gastech.com.kronos, Willem.Vasco-Pais@gastech.com.kronos, Bertrand.Ovan@gastech.com.kronos, Albina.Hafon@gastech.com.kronos, Benito.Hawelon@gastech.com.kronos, Claudio.Hawelon@gastech.com.kronos, Henk.Mies@gastech.com.kronos, Valeria.Morlun@gastech.com.kronos, Adan.Morlun@gastech.com.kronos, Cecilia.Morluniau@gastech.com.kronos, Irene.Nant@gastech.com.kronos, Dylan.Scozzese@gastech.com.kronos, Lucas.Alcazar@gastech.com.kronos, Isak.Baza@gastech.com.kronos, Linnea.Bergen@gastech.com.kronos, Nils.Calixto@gastech.com.kronos, Sven.Flecha@gastech.com.kronos, Hideki.Cocinaro@gastech.com.kronos, Inga.Ferro@gastech.com.kronos, Loreto.Bodrogi@gastech.com.kronos, Isia.Vann@gastech.com.kronos, Stenig.Fusil@gastech.com.kronos, Hennie.Osvaldo@gastech.com.kronos, Kanon.Herrero@gastech.com.kronos, Varja.Lagos@gastech.com.kronos, Minke.Mies@gastech.com.kronos, Felix.Resumir@gastech.com.kronos, Edvard.Vann@gastech.com.kronos, Emile.Arpa@gastech.com.kronos, Varro.Awelon@gastech.com.kronos, Mat.Bramar@gastech.com.kronos, Dante.Coginian@gastech.com.kronos, Carla.Forluniau@gastech.com.kronos, Linda.Lagos@gastech.com.kronos, Cornelia.Lais@gastech.com.kronos, Ruscella.Mies.Haber@gastech.com.kronos, Anda.Ribera@gastech.com.kronos",1/7/2014 16:15,RE: Planning for staff picnic
Stenig.Fusil@gastech.com.kronos,"Kanon.Herrero@gastech.com.kronos, Stenig.Fusil@gastech.com.kronos, Inga.Ferro@gastech.com.kronos, Hideki.Cocinaro@gastech.com.kronos, Hennie.Osvaldo@gastech.com.kronos, Felix.Resumir@gastech.com.kronos, Isia.Vann@gastech.com.kronos",1/7/2014 16:18,RE: Resolution of incident
Adan.Morlun@gastech.com.kronos,"Claudio.Hawelon@gastech.com.kronos, Dante.Coginian@gastech.com.kronos, Varro.Awelon@gastech.com.kronos, Valeria.Morlun@gastech.com.kronos, Dylan.Scozzese@gastech.com.kronos",1/7/2014 16:18,Caution downtown
Birgitta.Frente@gastech.com.kronos,"Elsa.Orilla@gastech.com.kronos, Vira.Frente@gastech.com.kronos, Kare.Orilla@gastech.com.kronos, Isande.Borrasca@gastech.com.kronos, Gustav.Cazar@gastech.com.kronos, Birgitta.Frente@gastech.com.kronos, Brand.Tempestad@gastech.com.kronos, Lars.Azada@gastech.com.kronos, Marin.Onda@gastech.com.kronos, Axel.Calzas@gastech.com.kronos",1/7/2014 16:21,RE: Downhole prediction 2522-00 - check your parameters
Cornelia.Lais@gastech.com.kronos,"Mat.Bramar@gastech.com.kronos, Anda.Ribera@gastech.com.kronos, Rachel.Pantanal@gastech.com.kronos, Linda.Lagos@gastech.com.kronos, Ruscella.Mies.Haber@gastech.com.kronos, Carla.Forluniau@gastech.com.kronos, Cornelia.Lais@gastech.com.kronos",1/7/2014 16:29,RE: Catering?!?
Carla.Forluniau@gastech.com.kronos,"Mat.Bramar@gastech.com.kronos, Anda.Ribera@gastech.com.kronos, Rachel.Pantanal@gastech.com.kronos, Linda.Lagos@gastech.com.kronos, Ruscella.Mies.Haber@gastech.com.kronos, Carla.Forluniau@gastech.com.kronos, Cornelia.Lais@gastech.com.kronos",1/7/2014 16:39,RE: Catering?!?
Lucas.Alcazar@gastech.com.kronos,"Lucas.Alcazar@gastech.com.kronos, Sven.Flecha@gastech.com.kronos, Isak.Baza@gastech.com.kronos",1/7/2014 16:48,RE: GT-SeismicProcessorPro Bug Report
Elsa.Orilla@gastech.com.kronos,"Rachel.Pantanal@gastech.com.kronos, Lars.Azada@gastech.com.kronos, Felix.Balas@gastech.com.kronos, Isande.Borrasca@gastech.com.kronos, Axel.Calzas@gastech.com.kronos, Gustav.Cazar@gastech.com.kronos, Lidelse.Dedos@gastech.com.kronos, Birgitta.Frente@gastech.com.kronos, Vira.Frente@gastech.com.kronos, Adra.Nubarron@gastech.com.kronos, Marin.Onda@gastech.com.kronos, Kare.Orilla@gastech.com.kronos, Elsa.Orilla@gastech.com.kronos, Brand.Tempestad@gastech.com.kronos, Ingrid.Barranco@gastech.com.kronos, Ada.Campo-Corrente@gastech.com.kronos, Sten.Sanjorge Jr.@gastech.com.kronos, Orhan.Strum@gastech.com.kronos, Willem.Vasco-Pais@gastech.com.kronos, Bertrand.Ovan@gastech.com.kronos, Albina.Hafon@gastech.com.kronos, Benito.Hawelon@gastech.com.kronos, Claudio.Hawelon@gastech.com.kronos, Henk.Mies@gastech.com.kronos, Valeria.Morlun@gastech.com.kronos, Adan.Morlun@gastech.com.kronos, Cecilia.Morluniau@gastech.com.kronos, Irene.Nant@gastech.com.kronos, Dylan.Scozzese@gastech.com.kronos, Lucas.Alcazar@gastech.com.kronos, Isak.Baza@gastech.com.kronos, Linnea.Bergen@gastech.com.kronos, Nils.Calixto@gastech.com.kronos, Sven.Flecha@gastech.com.kronos, Hideki.Cocinaro@gastech.com.kronos, Inga.Ferro@gastech.com.kronos, Loreto.Bodrogi@gastech.com.kronos, Isia.Vann@gastech.com.kronos, Stenig.Fusil@gastech.com.kronos, Hennie.Osvaldo@gastech.com.kronos, Kanon.Herrero@gastech.com.kronos, Varja.Lagos@gastech.com.kronos, Minke.Mies@gastech.com.kronos, Felix.Resumir@gastech.com.kronos, Edvard.Vann@gastech.com.kronos, Emile.Arpa@gastech.com.kronos, Varro.Awelon@gastech.com.kronos, Mat.Bramar@gastech.com.kronos, Dante.Coginian@gastech.com.kronos, Carla.Forluniau@gastech.com.kronos, Linda.Lagos@gastech.com.kronos, Cornelia.Lais@gastech.com.kronos, Ruscella.Mies.Haber@gastech.com.kronos, Anda.Ribera@gastech.com.kronos",1/7/2014 16:51,RE: Planning for staff picnic
Anda.Ribera@gastech.com.kronos,Gustav.Cazar@gastech.com.kronos,1/7/2014 16:52,RE: Need a ride to lunch later
Isak.Baza@gastech.com.kronos,"Lucas.Alcazar@gastech.com.kronos, Sven.Flecha@gastech.com.kronos, Isak.Baza@gastech.com.kronos",1/7/2014 16:54,RE: GT-SeismicProcessorPro Bug Report
Lucas.Alcazar@gastech.com.kronos,"Lucas.Alcazar@gastech.com.kronos, Sven.Flecha@gastech.com.kronos, Isak.Baza@gastech.com.kronos",1/7/2014 17:00,RE: GT-SeismicProcessorPro Bug Report
Ada.Campo-Corrente@gastech.com.kronos,"Rachel.Pantanal@gastech.com.kronos, Lars.Azada@gastech.com.kronos, Felix.Balas@gastech.com.kronos, Isande.Borrasca@gastech.com.kronos, Axel.Calzas@gastech.com.kronos, Gustav.Cazar@gastech.com.kronos, Lidelse.Dedos@gastech.com.kronos, Birgitta.Frente@gastech.com.kronos, Vira.Frente@gastech.com.kronos, Adra.Nubarron@gastech.com.kronos, Marin.Onda@gastech.com.kronos, Kare.Orilla@gastech.com.kronos, Elsa.Orilla@gastech.com.kronos, Brand.Tempestad@gastech.com.kronos, Ingrid.Barranco@gastech.com.kronos, Ada.Campo-Corrente@gastech.com.kronos, Sten.Sanjorge Jr.@gastech.com.kronos, Orhan.Strum@gastech.com.kronos, Willem.Vasco-Pais@gastech.com.kronos, Bertrand.Ovan@gastech.com.kronos, Albina.Hafon@gastech.com.kronos, Benito.Hawelon@gastech.com.kronos, Claudio.Hawelon@gastech.com.kronos, Henk.Mies@gastech.com.kronos, Valeria.Morlun@gastech.com.kronos, Adan.Morlun@gastech.com.kronos, Cecilia.Morluniau@gastech.com.kronos, Irene.Nant@gastech.com.kronos, Dylan.Scozzese@gastech.com.kronos, Lucas.Alcazar@gastech.com.kronos, Isak.Baza@gastech.com.kronos, Linnea.Bergen@gastech.com.kronos, Nils.Calixto@gastech.com.kronos, Sven.Flecha@gastech.com.kronos, Hideki.Cocinaro@gastech.com.kronos, Inga.Ferro@gastech.com.kronos, Loreto.Bodrogi@gastech.com.kronos, Isia.Vann@gastech.com.kronos, Stenig.Fusil@gastech.com.kronos, Hennie.Osvaldo@gastech.com.kronos, Kanon.Herrero@gastech.com.kronos, Varja.Lagos@gastech.com.kronos, Minke.Mies@gastech.com.kronos, Felix.Resumir@gastech.com.kronos, Edvard.Vann@gastech.com.kronos, Emile.Arpa@gastech.com.kronos, Varro.Awelon@gastech.com.kronos, Mat.Bramar@gastech.com.kronos, Dante.Coginian@gastech.com.kronos, Carla.Forluniau@gastech.com.kronos, Linda.Lagos@gastech.com.kronos, Cornelia.Lais@gastech.com.kronos, Ruscella.Mies.Haber@gastech.com.kronos, Anda.Ribera@gastech.com.kronos",1/7/2014 17:02,RE: Planning for staff picnic
Lucas.Alcazar@gastech.com.kronos,"Lucas.Alcazar@gastech.com.kronos, Isak.Baza@gastech.com.kronos, Nils.Calixto@gastech.com.kronos",1/7/2014 17:08,RE: GT-SeismicProcessorPro Bug Report
Nils.Calixto@gastech.com.kronos,"Lucas.Alcazar@gastech.com.kronos, Isak.Baza@gastech.com.kronos, Nils.Calixto@gastech.com.kronos",1/7/2014 17:09,RE: GT-SeismicProcessorPro Bug Report
Ruscella.Mies.Haber@gastech.com.kronos,"Mat.Bramar@gastech.com.kronos, Anda.Ribera@gastech.com.kronos, Rachel.Pantanal@gastech.com.kronos, Linda.Lagos@gastech.com.kronos, Ruscella.Mies.Haber@gastech.com.kronos, Carla.Forluniau@gastech.com.kronos, Cornelia.Lais@gastech.com.kronos",1/7/2014 17:19,RE: Can someone cover for me next week?
Elsa.Orilla@gastech.com.kronos,Edvard.Vann@gastech.com.kronos,1/7/2014 17:22,RE: Money for coffee fund
Stenig.Fusil@gastech.com.kronos,"Kanon.Herrero@gastech.com.kronos, Stenig.Fusil@gastech.com.kronos, Inga.Ferro@gastech.com.kronos, Hideki.Cocinaro@gastech.com.kronos, Hennie.Osvaldo@gastech.com.kronos, Felix.Resumir@gastech.com.kronos, Isia.Vann@gastech.com.kronos",1/7/2014 17:22,RE: Resolution of incident
Lucas.Alcazar@gastech.com.kronos,"Lucas.Alcazar@gastech.com.kronos, Sven.Flecha@gastech.com.kronos, Isak.Baza@gastech.com.kronos",1/7/2014 17:23,RE: GT-SeismicProcessorPro Bug Report
Linda.Lagos@gastech.com.kronos,"Mat.Bramar@gastech.com.kronos, Anda.Ribera@gastech.com.kronos, Rachel.Pantanal@gastech.com.kronos, Linda.Lagos@gastech.com.kronos, Ruscella.Mies.Haber@gastech.com.kronos, Carla.Forluniau@gastech.com.kronos, Cornelia.Lais@gastech.com.kronos",1/7/2014 17:26,RE: Catering?!?
Ruscella.Mies.Haber@gastech.com.kronos,"Mat.Bramar@gastech.com.kronos, Anda.Ribera@gastech.com.kronos, Rachel.Pantanal@gastech.com.kronos, Linda.Lagos@gastech.com.kronos, Ruscella.Mies.Haber@gastech.com.kronos, Carla.Forluniau@gastech.com.kronos, Cornelia.Lais@gastech.com.kronos",1/7/2014 17:28,RE: Can someone cover for me next week?
Lucas.Alcazar@gastech.com.kronos,"Isak.Baza@gastech.com.kronos, Lucas.Alcazar@gastech.com.kronos",1/7/2014 17:28,RE: GT-SeismicProcessorPro Bug Report
Ruscella.Mies.Haber@gastech.com.kronos,"Mat.Bramar@gastech.com.kronos, Anda.Ribera@gastech.com.kronos, Rachel.Pantanal@gastech.com.kronos, Linda.Lagos@gastech.com.kronos, Ruscella.Mies.Haber@gastech.com.kronos, Carla.Forluniau@gastech.com.kronos, Cornelia.Lais@gastech.com.kronos",1/7/2014 17:33,RE: Catering?!?
Edvard.Vann@gastech.com.kronos,Elsa.Orilla@gastech.com.kronos,1/7/2014 17:34,RE: Money for coffee fund
Lucas.Alcazar@gastech.com.kronos,"Lucas.Alcazar@gastech.com.kronos, Sven.Flecha@gastech.com.kronos, Isak.Baza@gastech.com.kronos",1/7/2014 17:41,RE: GT-SeismicProcessorPro Bug Report
Albina.Hafon@gastech.com.kronos,"Henk.Mies@gastech.com.kronos, Albina.Hafon@gastech.com.kronos",1/7/2014 17:42,RE: List of repairs needed
Elsa.Orilla@gastech.com.kronos,Edvard.Vann@gastech.com.kronos,1/7/2014 17:57,RE: Money for coffee fund
Lucas.Alcazar@gastech.com.kronos,"Lucas.Alcazar@gastech.com.kronos, Sven.Flecha@gastech.com.kronos, Isak.Baza@gastech.com.kronos",1/7/2014 18:07,RE: GT-SeismicProcessorPro Bug Report
Benito.Hawelon@gastech.com.kronos,"Dante.Coginian@gastech.com.kronos, Varro.Awelon@gastech.com.kronos, Albina.Hafon@gastech.com.kronos, Claudio.Hawelon@gastech.com.kronos",1/7/2014 18:11,RE: Be Careful!
Dylan.Scozzese@gastech.com.kronos,"Claudio.Hawelon@gastech.com.kronos, Dante.Coginian@gastech.com.kronos, Varro.Awelon@gastech.com.kronos, Valeria.Morlun@gastech.com.kronos, Dylan.Scozzese@gastech.com.kronos",1/7/2014 18:31,RE: Caution downtown
Henk.Mies@gastech.com.kronos,"Cecilia.Morluniau@gastech.com.kronos, Henk.Mies@gastech.com.kronos, Adan.Morlun@gastech.com.kronos, Emile.Arpa@gastech.com.kronos, Irene.Nant@gastech.com.kronos, Claudio.Hawelon@gastech.com.kronos, Benito.Hawelon@gastech.com.kronos, Dante.Coginian@gastech.com.kronos, Dylan.Scozzese@gastech.com.kronos, Albina.Hafon@gastech.com.kronos",1/7/2014 18:53,RE: Be Careful!
Valeria.Morlun@gastech.com.kronos,"Claudio.Hawelon@gastech.com.kronos, Dante.Coginian@gastech.com.kronos, Varro.Awelon@gastech.com.kronos, Valeria.Morlun@gastech.com.kronos, Dylan.Scozzese@gastech.com.kronos",1/7/2014 18:58,RE: Caution downtown
Edvard.Vann@gastech.com.kronos,Elsa.Orilla@gastech.com.kronos,1/7/2014 18:59,RE: Money for coffee fund
Valeria.Morlun@gastech.com.kronos,"Claudio.Hawelon@gastech.com.kronos, Dante.Coginian@gastech.com.kronos, Varro.Awelon@gastech.com.kronos, Valeria.Morlun@gastech.com.kronos, Dylan.Scozzese@gastech.com.kronos",1/7/2014 19:14,RE: Caution downtown
Rachel.Pantanal@gastech.com.kronos,"Mat.Bramar@gastech.com.kronos, Anda.Ribera@gastech.com.kronos, Rachel.Pantanal@gastech.com.kronos, Linda.Lagos@gastech.com.kronos, Ruscella.Mies.Haber@gastech.com.kronos, Carla.Forluniau@gastech.com.kronos, Cornelia.Lais@gastech.com.kronos",1/7/2014 20:17,RE: Too funy - you have to see this...
Orhan.Strum@gastech.com.kronos,"Orhan.Strum@gastech.com.kronos, Sten.Sanjorge Jr.@gastech.com.tethys, Ada.Campo-Corrente@gastech.com.kronos",1/8/2014 8:23,Impact of Kronos politics on upcoming rollout
Kanon.Herrero@gastech.com.kronos,Irene.Nant@gastech.com.kronos,1/8/2014 8:25,No hurry
Sven.Flecha@gastech.com.kronos,"Sven.Flecha@gastech.com.kronos, Isak.Baza@gastech.com.kronos, Nils.Calixto@gastech.com.kronos",1/8/2014 8:49,Staff still leaving computers unlocked when they leave at the day
Linda.Lagos@gastech.com.kronos,"Mat.Bramar@gastech.com.kronos, Anda.Ribera@gastech.com.kronos, Rachel.Pantanal@gastech.com.kronos, Linda.Lagos@gastech.com.kronos, Ruscella.Mies.Haber@gastech.com.kronos, Carla.Forluniau@gastech.com.kronos, Cornelia.Lais@gastech.com.kronos",1/8/2014 9:00,Babysitting recommendations
Bertrand.Ovan@gastech.com.kronos,"Adan.Morlun@gastech.com.kronos, Benito.Hawelon@gastech.com.kronos, Bertrand.Ovan@gastech.com.kronos, Varro.Awelon@gastech.com.kronos, Emile.Arpa@gastech.com.kronos, Dylan.Scozzese@gastech.com.kronos, Cecilia.Morluniau@gastech.com.kronos, Henk.Mies@gastech.com.kronos, Valeria.Morlun@gastech.com.kronos, Dante.Coginian@gastech.com.kronos, Irene.Nant@gastech.com.kronos, Albina.Hafon@gastech.com.kronos",1/8/2014 9:17,Union meeting
Sten.Sanjorge Jr.@gastech.com.tethys,"Orhan.Strum@gastech.com.kronos, Sten.Sanjorge Jr.@gastech.com.tethys, Ada.Campo-Corrente@gastech.com.kronos",1/8/2014 9:19,RE: Impact of Kronos politics on upcoming rollout
Felix.Balas@gastech.com.kronos,"Isande.Borrasca@gastech.com.kronos, Lidelse.Dedos@gastech.com.kronos",1/8/2014 9:39,Downhole prediction 2522-00 - updated
Orhan.Strum@gastech.com.kronos,"Orhan.Strum@gastech.com.kronos, Sten.Sanjorge Jr.@gastech.com.tethys, Ada.Campo-Corrente@gastech.com.kronos",1/8/2014 9:42,RE: Impact of Kronos politics on upcoming rollout
Benito.Hawelon@gastech.com.kronos,Elsa.Orilla@gastech.com.kronos,1/8/2014 9:43,Who�s tracking the office pool
Lucas.Alcazar@gastech.com.kronos,"Lucas.Alcazar@gastech.com.kronos, Sven.Flecha@gastech.com.kronos, Nils.Calixto@gastech.com.kronos",1/8/2014 9:48,Anyone have a spare monitor?
Linnea.Bergen@gastech.com.kronos,Axel.Calzas@gastech.com.kronos,1/8/2014 9:53,Supplies
Ada.Campo-Corrente@gastech.com.kronos,"Orhan.Strum@gastech.com.kronos, Sten.Sanjorge Jr.@gastech.com.tethys, Ada.Campo-Corrente@gastech.com.kronos",1/8/2014 9:54,RE: Impact of Kronos politics on upcoming rollout
Mat.Bramar@gastech.com.kronos,"Rachel.Pantanal@gastech.com.kronos, Lars.Azada@gastech.com.kronos, Felix.Balas@gastech.com.kronos, Isande.Borrasca@gastech.com.kronos, Axel.Calzas@gastech.com.kronos, Gustav.Cazar@gastech.com.kronos, Lidelse.Dedos@gastech.com.kronos, Birgitta.Frente@gastech.com.kronos, Vira.Frente@gastech.com.kronos, Adra.Nubarron@gastech.com.kronos, Marin.Onda@gastech.com.kronos, Kare.Orilla@gastech.com.kronos, Elsa.Orilla@gastech.com.kronos, Brand.Tempestad@gastech.com.kronos, Ingrid.Barranco@gastech.com.kronos, Ada.Campo-Corrente@gastech.com.kronos, Sten.Sanjorge Jr.@gastech.com.kronos, Orhan.Strum@gastech.com.kronos, Willem.Vasco-Pais@gastech.com.kronos, Bertrand.Ovan@gastech.com.kronos, Albina.Hafon@gastech.com.kronos, Benito.Hawelon@gastech.com.kronos, Claudio.Hawelon@gastech.com.kronos, Henk.Mies@gastech.com.kronos, Valeria.Morlun@gastech.com.kronos, Adan.Morlun@gastech.com.kronos, Cecilia.Morluniau@gastech.com.kronos, Irene.Nant@gastech.com.kronos, Dylan.Scozzese@gastech.com.kronos, Lucas.Alcazar@gastech.com.kronos, Isak.Baza@gastech.com.kronos, Linnea.Bergen@gastech.com.kronos, Nils.Calixto@gastech.com.kronos, Sven.Flecha@gastech.com.kronos, Hideki.Cocinaro@gastech.com.kronos, Inga.Ferro@gastech.com.kronos, Loreto.Bodrogi@gastech.com.kronos, Isia.Vann@gastech.com.kronos, Stenig.Fusil@gastech.com.kronos, Hennie.Osvaldo@gastech.com.kronos, Kanon.Herrero@gastech.com.kronos, Varja.Lagos@gastech.com.kronos, Minke.Mies@gastech.com.kronos, Felix.Resumir@gastech.com.kronos, Edvard.Vann@gastech.com.kronos, Emile.Arpa@gastech.com.kronos, Varro.Awelon@gastech.com.kronos, Mat.Bramar@gastech.com.kronos, Dante.Coginian@gastech.com.kronos, Carla.Forluniau@gastech.com.kronos, Linda.Lagos@gastech.com.kronos, Cornelia.Lais@gastech.com.kronos, Ruscella.Mies.Haber@gastech.com.kronos, Anda.Ribera@gastech.com.kronos",1/8/2014 10:12,Paid holiday reminders
